clean_sheets,clean_sheets_away,clean_sheets_home,cs_pct,cs_pct_away,cs_pct_home,defense_overperform,defense_profile,friction_base,ga_0_15,ga_16_30,ga_1h,ga_2h,ga_31_45,ga_46_60,ga_61_75,ga_76_90,ga_away,ga_corner,ga_free_kick,ga_home,ga_leading_1,ga_leading_2plus,ga_level,ga_losing_1,ga_losing_2plus,ga_open_play,ga_outside_box,ga_penalty,ga_penalty_area,ga_per_90,ga_per_90_away,ga_per_90_home,ga_set_piece,ga_set_piece_total,ga_six_yard,ga_total,home_away_defense_profile,league,matches_away,matches_home,matches_played,scraped_at,season,set_piece_profile,set_piece_vuln_pct,shots_ag_0_15,shots_ag_16_30,shots_ag_31_45,shots_ag_46_60,shots_ag_61_75,shots_ag_76_90,shots_ag_outside_box,shots_ag_penalty_area,shots_ag_six_yard,team_name,team_understat,timing_profile,xga_0_15,xga_16_30,xga_1h,xga_1h_pct,xga_2h,xga_2h_pct,xga_31_45,xga_46_60,xga_61_75,xga_76_90,xga_away,xga_corner,xga_first_15_pct,xga_free_kick,xga_home,xga_last_15_pct,xga_leading_1,xga_leading_2plus,xga_level,xga_losing_1,xga_losing_2plus,xga_open_play,xga_outside_box,xga_penalty,xga_penalty_area,xga_per_90,xga_per_90_away,xga_per_90_home,xga_set_piece,xga_set_piece_total,xga_six_yard,xga_total,xga_total_timing
8,3,5,53.333333333333336,37.5,71.42857142857143,2.903026200000001,FORTRESS,0.9,1,0,4,2,3,2,0,0,7,2,1,2,1,1,7,0,0,5,2,0,6,0.6,0.875,0.2857142857142857,1,4,1,9,HOME_FORTRESS,EPL,8,7,15,2025-12-08T19:16:40.802136,2025/2026,SP_VULNERABLE,30.08627476199977,15,19,14,17,16,0,34,72,10,Arsenal,Arsenal,SLOW_STARTER+FIRST_HALF_WEAK,2.0846241442486644,1.4964241748675704,5.322220988571644,66.88903154484488,2.634570828638971,33.110968455155124,1.741172669455409,1.0590138109400868,1.575557017698884,0,8.496018000000001,2.0886751748621464,26.19930484720743,0.20327021926641464,3.4070082,0.0,2.793552349321544,1.2404784839600325,7.303665351122618,0.9889072775840759,0,8.617987675592303,1.1868977854028344,0.0,7.347197029739618,0.7935350800000001,1.0620022500000001,0.48671545714285713,1.416670392267406,3.708615786395967,3.7925086468458176,11.903026200000001,7.956791817210615
5,1,4,33.33333333333333,14.285714285714285,50.0,7.139444000000001,AVERAGE,0.5,5,2,8,4,1,2,2,0,9,4,0,6,2,2,7,3,1,9,1,1,7,1.0,1.2857142857142858,0.75,1,5,6,15,BALANCED_DEFENSE,EPL,7,8,15,2025-12-08T19:16:41.615852,2025/2026,SP_VULNERABLE,30.273087700172724,32,24,25,33,28,0,62,110,19,Aston Villa,Aston_Villa,SLOW_STARTER+FIRST_HALF_WEAK,6.7113743256777525,4.553258638828993,13.76570885349065,69.92222585455458,5.921463122591376,30.077774145445417,2.5010758889839053,3.469128825701773,2.452334296889603,0,10.755132,4.765300264582038,34.090088377504955,0.2914654202759266,11.384312,0.0,3.9584231339395046,2.2885290179401636,13.289799169171602,3.070313800126314,1.089465208351612,15.00052124587819,2.4428074075840414,1.5223376750946045,13.91006254311651,1.4759629333333335,1.5364474285714285,1.423039,2.116905723698437,7.173671408556402,6.343660378828645,22.139444,19.687171976082027
5,1,4,33.33333333333333,14.285714285714285,50.0,-4.786903999999996,SOLID,0.7,1,3,10,8,6,4,4,0,19,5,1,5,5,2,10,5,2,13,4,2,16,1.6,2.7142857142857144,0.625,3,9,4,24,HOME_FORTRESS,EPL,7,8,15,2025-12-08T19:16:42.416302,2025/2026,SP_SOLID,19.05021451050341,21,28,23,35,24,0,53,108,9,Bournemouth,Bournemouth,FIRST_HALF_WEAK,1.401232353411615,4.213075679726899,9.366668282076716,61.1107168636835,5.960705970413983,38.8892831363165,3.752360248938203,2.755162718705833,3.20554325170815,0,14.653220000000001,2.3605442587286234,9.142024787343562,0.29017551615834236,4.559876,0.0,3.6385216526687145,2.1451595220714808,8.291243088431656,3.907065160572529,1.3500783955678344,14.126966531388462,1.7447332302108407,1.522300899028778,15.042784915305674,1.280873066666667,2.093317142857143,0.5699845,1.0320806140080094,3.682800388894975,2.5445496737957,19.213096000000004,15.3273742524907
2,1,1,13.333333333333334,12.5,14.285714285714285,-3.6313899999999997,AVERAGE,0.5,3,4,11,6,4,5,1,0,16,1,0,8,5,3,10,5,1,20,2,2,16,1.6,2.0,1.1428571428571428,1,2,4,24,BALANCED_DEFENSE,EPL,8,7,15,2025-12-08T19:16:43.208530,2025/2026,SP_FORTRESS,7.988078775815306,31,35,29,33,26,0,71,96,12,Brentford,Brentford,CONSISTENT,3.057673877105117,5.299275025725365,11.145728294737637,57.08014517160148,8.380725713446736,42.91985482839852,2.7887793919071555,4.956758470274508,3.4239672431722283,0,11.878517,1.4558084513992071,15.65913542634784,0.15470672026276588,8.490093,0.0,6.836984600871801,2.9368280796334147,4.869406174868345,6.2246318608522415,2.642723903991282,19.349024886265397,2.040582458488643,2.2835065126419067,14.561612214893103,1.3579073333333334,1.484814625,1.2128704285714285,0.2675280496478081,1.878043221309781,4.908379946835339,20.36861,19.526454008184373
3,2,1,20.0,28.57142857142857,12.5,1.3359789999999983,AVERAGE,0.5,0,6,10,7,4,5,2,0,10,2,0,11,4,2,10,4,1,16,4,2,7,1.4,1.4285714285714286,1.375,1,3,8,21,BALANCED_DEFENSE,EPL,7,8,15,2025-12-08T19:16:44.019092,2025/2026,SP_SOLID,22.3282125228049,20,28,28,33,23,0,56,98,20,Brighton,Brighton,FIRST_HALF_WEAK,1.5484443120658398,4.930293088778853,10.405572158284485,60.25367074245291,6.864034871570766,39.74632925754709,3.926834757439792,5.3782752668485045,1.4857596047222614,0,9.401145999999999,2.8917461978271604,8.966297318687849,0.2535279355943203,12.934833,0.0,5.052380182780325,2.3276099637150764,11.383991884998977,3.6510206842795014,2.066174140200019,16.731461146846414,1.788168060593307,2.2835065126419067,12.411586374044418,1.4890652666666666,1.343020857142857,1.616854125,2.3209350630640984,5.466209196485579,8.281422421336174,22.335979,17.26960702985525
2,0,2,13.333333333333334,0.0,28.57142857142857,4.338445999999998,SIEVE,0.1,4,3,12,8,5,5,3,0,23,5,0,7,2,1,16,8,3,19,1,5,18,2.0,2.875,1.0,1,6,8,30,HOME_FORTRESS,EPL,8,7,15,2025-12-08T19:16:44.701533,2025/2026,SP_SOLID,23.378749844411743,35,26,41,44,41,0,82,131,28,Burnley,Burnley,SLOW_STARTER,6.132216897793114,3.7306703124195337,15.234625239856541,55.57937733097547,12.175946759060025,44.42062266902454,5.371738029643893,7.961797847412527,4.214148911647499,0,22.03474,6.551336148753762,22.37172175040892,0.41004298627376556,12.303705999999998,0.0,2.3468321040272713,2.5746252834796906,17.73144815210253,11.790237627923489,3.0713763032108545,24.938249620608985,2.7703118324279785,3.8058441877365112,21.488772590644658,2.2892297333333333,2.7543425,1.7576722857142855,1.8090465273708105,8.770425662398338,10.255435047671199,34.338446,27.410571998916566
7,4,3,46.666666666666664,50.0,42.857142857142854,4.181508999999998,SOLID,0.7,3,1,7,3,3,1,2,0,8,3,0,7,5,0,6,4,0,12,2,0,3,1.0,1.0,1.0,0,3,10,15,BALANCED_DEFENSE,EPL,8,7,15,2025-12-08T19:16:45.744094,2025/2026,SP_SOLID,21.98635677774093,31,16,20,23,23,0,51,79,20,Chelsea,Chelsea,CONSISTENT,2.5588936735875905,2.5360822128131986,7.652472539339215,52.13528251448998,7.025634435936809,47.86471748551002,2.5574966529384255,2.566083250567317,4.459551185369492,0,9.985888999999998,2.577599567361176,17.433403898049125,0.421032328158617,9.19562,0.0,5.623381657525897,2.951286295428872,7.662984065245837,2.3380229575559497,0.8514362843707204,15.155797266867012,1.7072742520831525,0.0,8.508842831477523,1.2787672666666665,1.2482361249999998,1.31366,1.2726820977404714,4.271313993260264,9.2109941765666,19.181509,14.678106975276023
7,4,3,46.666666666666664,50.0,42.857142857142854,7.402545,SOLID,0.7,1,0,4,5,3,3,2,0,5,2,0,7,6,0,5,1,0,6,1,1,8,0.8,0.625,1.0,3,5,3,12,BALANCED_DEFENSE,EPL,8,7,15,2025-12-08T19:16:46.528093,2025/2026,SP_VULNERABLE,25.09682189386376,21,21,18,38,32,0,50,91,23,Crystal Palace,Crystal_Palace,SLOW_STARTER,3.6545376386493444,1.8989247549325228,7.413210737518966,50.140010939286796,7.3718094462528825,49.8599890607132,1.859748343937099,3.4466508096084,3.9251586366444826,0,9.634471,3.1286539658904076,24.71784003826111,0.5661653429269791,9.768074,0.0,7.335496233776212,1.9898965675383806,9.689132177270949,1.3307013222947717,0.12521813809871674,14.571844619698822,1.8209758065640926,0.7611688375473022,11.26781796850264,1.293503,1.204308875,1.3954391428571429,1.4426116729155183,5.137430981732905,7.381650663912296,19.402545,14.785020183771849
6,2,4,40.0,28.57142857142857,50.0,4.637572999999996,AVERAGE,0.5,2,4,9,5,3,3,2,0,8,4,0,9,3,1,6,4,3,12,1,1,11,1.1333333333333333,1.1428571428571428,1.125,0,4,5,17,BALANCED_DEFENSE,EPL,7,8,15,2025-12-08T19:16:47.329296,2025/2026,SP_SOLID,22.54099430441352,24,27,33,39,28,0,59,115,20,Everton,Everton,CONSISTENT,1.8749693091958761,3.4912843322381377,8.468362983316183,55.198471584476884,6.873299095779657,44.801528415523116,3.1021093418821692,3.7968916511163116,3.076407444663346,0,10.955812000000002,3.7544611487537622,12.221422291334795,0.3535500466823578,10.681761000000002,0.0,4.291524003259838,1.572820563800633,8.610825990326703,3.226874191313982,4.0780663676559925,15.348319835029542,1.9689931022003293,1.5223376750946045,14.937066580168903,1.4425048666666664,1.5651160000000002,1.3352201250000002,0.8014424107968807,4.909453606233001,4.8740514339879155,21.637572999999996,15.34166207909584
3,0,3,20.0,0.0,37.5,-1.9218440000000037,AVERAGE,0.5,0,4,7,11,3,11,0,0,14,6,0,10,2,1,13,5,3,16,3,2,12,1.6,2.0,1.25,0,6,7,24,HOME_FORTRESS,EPL,7,8,15,2025-12-08T19:16:48.064940,2025/2026,SP_VULNERABLE,27.01761671807289,22,17,29,40,23,0,50,86,28,Fulham,Fulham,SECOND_HALF_WEAK,2.5615534503012896,1.5574722858145833,7.272683882154524,39.02958122581783,11.361089921556413,60.97041877418218,3.1536581460386515,9.707326400093734,1.653763521462679,0,12.6909,5.511041454970837,13.746831303657627,0.27548523992300034,9.387256,0.0,1.6730862529948354,0.5626709656789899,13.870383078232408,5.3964020404964685,2.7726755840703845,15.43312607333064,1.5828978270292282,2.2835065126419067,12.540890205651522,1.4718770666666665,1.8129857142857142,1.173407,0.7720586406067014,6.558585335500538,8.151429888792336,22.078155999999996,18.633773803710938
2,0,2,13.333333333333334,0.0,25.0,-7.464690999999998,AVERAGE,0.5,4,4,10,12,2,7,5,0,18,4,2,11,3,2,14,6,4,20,4,2,16,1.9333333333333333,2.5714285714285716,1.375,1,7,8,29,HOME_FORTRESS,EPL,7,8,15,2025-12-08T19:16:48.783585,2025/2026,SP_VULNERABLE,25.904177142689512,34,21,29,31,26,0,64,94,20,Leeds,Leeds,CONSISTENT,3.5701663130894303,3.992357850074768,9.438667176291347,56.84939605229133,7.164265892002732,43.15060394770867,1.8761430131271482,3.6884605130180717,3.47580537898466,0,13.938307000000002,3.910324139520526,21.503226558849573,0.6684137843549252,7.597002,0.0,3.100636382587254,1.8394674244336784,9.396918972022831,5.628819042816758,3.1204301957041025,15.58362554339692,2.1920393160544336,1.5223376750946045,14.339537367224693,1.4356872666666667,1.9911867142857145,0.94962525,1.401570875197649,5.9803087990731,5.554695334285498,21.535309,16.602933068294078
4,2,2,26.666666666666668,25.0,28.57142857142857,-2.4204149999999984,AVERAGE,0.5,4,1,8,10,3,4,6,0,15,5,0,9,4,4,10,4,2,15,5,2,15,1.6,1.875,1.2857142857142858,2,7,4,24,HOME_FORTRESS,EPL,8,7,15,2025-12-08T19:16:49.529250,2025/2026,SP_SOLID,18.475343425167956,17,28,32,24,27,0,58,100,9,Liverpool,Liverpool,SLOW_STARTER+FIRST_HALF_WEAK,3.7236460437998176,3.762173378840089,10.27527846954763,64.49410078587212,5.656842987053096,35.50589921412788,2.789459046907723,2.9825342502444983,2.674308736808598,0,13.926063000000003,2.3175428370013833,23.371941106167625,0.35240351408720016,7.653521999999999,0.0,1.9522626427933574,2.3193117827177048,8.622506955638528,7.039249434135854,1.6872721128165722,15.342615773901343,1.8550739884376526,2.2835065126419067,15.593525283038616,1.438639,1.7407578750000003,1.0933602857142855,1.324534290470183,3.9944806415587664,4.172003656625748,21.579585,15.932121456600726
6,2,4,40.0,28.57142857142857,50.0,0.7717649999999985,SOLID,0.7,0,2,4,9,2,4,5,0,10,5,0,6,5,5,5,1,0,9,3,1,10,1.0666666666666667,1.4285714285714286,0.75,1,6,3,16,BALANCED_DEFENSE,EPL,7,8,15,2025-12-08T19:16:50.274169,2025/2026,SP_VULNERABLE,27.904324920652268,10,18,15,36,24,0,39,88,13,Manchester City,Manchester_City,SECOND_HALF_WEAK,1.5789619078859687,2.233386621810496,5.22505955863744,39.23444564799004,8.092471688054502,60.765554352009964,1.4127110289409757,3.4372857455164194,4.655185942538083,0,8.3625,3.829758992418647,11.856265839647877,0.05749478563666344,8.409265,0.0,5.831521620042622,4.224021545611322,6.183172509074211,1.137545332312584,0.44383147172629833,11.325178297236562,1.385610387660563,1.5223376750946045,10.30713223759085,1.1181176666666666,1.1946428571428573,1.051158125,1.0853227283805609,4.972576506435871,6.127349853515625,16.771765,13.317531246691942
1,0,1,7.142857142857142,0.0,14.285714285714285,-0.5092510000000026,AVERAGE,0.5,2,3,6,8,1,4,4,0,13,5,1,8,7,3,7,3,1,14,2,1,13,1.5,1.8571428571428572,1.1428571428571428,0,6,6,21,HOME_FORTRESS,EPL,7,7,14,2025-12-08T19:16:51.022530,2025/2026,SP_VULNERABLE,28.362526655938485,23,21,21,26,25,0,42,91,21,Manchester United,Manchester_United,CONSISTENT,3.0521436389535666,2.6818016972392797,8.346046700142324,51.97781487253903,7.710893593728542,48.022185127460965,2.6121013639494777,4.078809771686792,3.63208382204175,0,14.08915,4.51464743539691,19.008251778320478,0.25486280769109726,6.401599000000001,0.0,6.614668805152178,1.9593044742941856,7.0152522046118975,3.7130249179899693,1.4150778632611036,14.080201676115394,1.5095138642936945,0.7611688375473022,12.464131996035576,1.4636249285714285,2.0127357142857143,0.9145141428571429,1.106447508558631,5.875957751646638,6.743682404980063,20.490748999999997,16.056940293870866
5,3,2,33.33333333333333,42.857142857142854,25.0,-1.3910049999999998,SOLID,0.7,0,0,4,5,4,3,2,0,9,4,0,10,7,2,7,3,0,13,3,2,10,1.2666666666666666,1.2857142857142858,1.25,0,4,5,19,BALANCED_DEFENSE,EPL,7,8,15,2025-12-08T19:16:51.760262,2025/2026,SP_SOLID,16.22341476136141,30,18,31,29,15,0,48,100,12,Newcastle United,Newcastle_United,CONSISTENT,1.8239221861585975,1.338947075419128,6.332867414690554,49.574600673929986,6.44155200291425,50.42539932607002,3.1699981531128287,5.1544590797275305,1.2870929231867194,0,7.566034999999999,1.8116053948178887,14.277926272289108,0.33951687067747116,10.04296,0.0,4.917813498526812,1.9373035412281752,9.599288111552596,2.1025728629902005,0.6354575250297785,14.556429443880916,1.7523849923163652,1.5223376750946045,12.169428897090256,1.1739330000000001,1.0808621428571428,1.25537,0.9625461548566818,3.1136684203520417,4.27062164992094,17.608995,12.774419417604804
2,2,0,13.333333333333334,25.0,0.0,0.12309199999999265,LEAKY,0.3,2,2,11,4,7,4,0,0,12,6,1,13,2,1,11,7,4,11,7,3,15,1.6666666666666667,1.5,1.8571428571428572,4,11,2,25,BALANCED_DEFENSE,EPL,8,7,15,2025-12-08T19:16:52.551835,2025/2026,SP_VULNERABLE,32.03438578814675,33,22,34,38,26,0,67,116,16,Nottingham Forest,Nottingham_Forest,SLOW_STARTER,4.884511217474937,1.1919253505766392,9.787726772017777,55.21179127020073,7.939875515177846,44.78820872979927,3.7112902039662004,4.949260955676436,2.9906145595014095,0,13.669211,4.314983802847564,27.55314079334319,0.2545009180903435,11.453880999999999,0.0,1.5597407529130578,1.8570796502754092,11.38659158255905,8.012163765728474,3.4429735392332077,15.563277795910835,2.3165087131783366,2.2835065126419067,17.001124691218138,1.6748727999999995,1.708651375,1.6362687142857142,3.842280261218548,8.411764982156456,5.940915886312723,25.123091999999993,17.727602287195623
4,2,2,26.666666666666668,25.0,28.57142857142857,5.705194999999996,AVERAGE,0.5,5,2,8,5,1,2,3,0,10,2,0,7,2,0,10,4,1,15,4,0,9,1.1333333333333333,1.25,1.0,0,2,3,17,BALANCED_DEFENSE,EPL,8,7,15,2025-12-08T19:16:53.240514,2025/2026,SP_FORTRESS,12.710772773909145,24,38,26,37,32,0,82,128,19,Sunderland,Sunderland,FIRST_HALF_WEAK,2.454321482218802,5.125309624709189,9.467967289499938,58.85606845690946,6.618678553029895,41.14393154309054,1.8883361825719476,4.592951532453299,2.0257270205765963,0,13.954949999999998,2.0611784383654594,15.256887646087621,0.17085587233304977,8.750245,0.0,3.990376064553857,0.3965771282091737,13.909728669561446,3.2604759228415787,2.8655523285269737,20.557226088363677,2.3932657376863062,0.7611688375473022,14.378367515280843,1.5136796666666663,1.7443687499999998,1.250035,0.87228087708354,3.104315187782049,6.65107686072588,22.705194999999996,16.086645842529833
5,3,2,33.33333333333333,42.857142857142854,25.0,1.987012,AVERAGE,0.5,4,1,12,3,7,1,2,0,9,2,0,9,3,0,10,3,2,15,5,1,9,1.2,1.2857142857142858,1.125,0,2,4,18,BALANCED_DEFENSE,EPL,7,8,15,2025-12-08T19:16:53.941656,2025/2026,SP_SOLID,19.859023345869762,29,29,23,33,33,0,61,93,20,Tottenham,Tottenham,CONSISTENT,3.4636321999132633,1.868136765435338,8.50383573770523,52.094568289056774,7.820007643662393,47.90543171094323,3.1720667723566294,5.08716045320034,2.732847190462053,0,10.492968000000001,2.7740097399801016,21.218239595870696,0.15369469486176968,9.494043999999999,0.0,2.5838317964226007,2.2788060680031776,7.870268983766437,5.972996830940247,1.3911537267267704,15.344809246249497,2.042704688385129,0.7611688375473022,11.213808147236705,1.3324674666666667,1.4989954285714286,1.1867554999999999,1.0633748872205615,3.9910793220624328,6.840544570237398,19.987012,16.323843381367624
1,1,0,6.666666666666667,12.5,0.0,1.722804,SIEVE,0.1,4,2,11,12,5,7,5,0,12,10,0,17,3,2,13,7,4,17,1,2,19,1.9333333333333333,1.5,2.4285714285714284,0,10,9,29,BALANCED_DEFENSE,EPL,8,7,15,2025-12-08T19:16:54.673841,2025/2026,SP_SOLID,24.870690777395723,27,32,36,51,36,0,62,139,36,West Ham,West_Ham,FIRST_HALF_WEAK,4.583426279947162,3.752502892166376,14.469253462739289,58.977584119876745,10.064225957728922,41.02241588012326,6.133324290625751,5.631863761693239,4.432362196035683,0,15.490489,6.50568481720984,18.68233282933045,0.12853321433067322,15.232315,0.0,3.336342520080507,2.0223088967613876,16.467468043789268,5.3250973131507635,4.2010663421824574,22.032416055444628,1.7723667905665934,1.5223376750946045,18.31888283137232,2.048186933333333,1.936311125,2.176045,1.1633113538846374,7.79752938542515,11.261033494025469,30.722804,24.53347942046821
0,0,0,0.0,0.0,0.0,-6.8254810000000035,AVERAGE,0.5,4,4,13,11,5,3,8,0,12,2,1,17,3,0,14,8,4,26,7,0,15,2.0714285714285716,1.7142857142857142,2.4285714285714284,0,3,5,29,BALANCED_DEFENSE,EPL,7,7,14,2025-12-08T19:16:55.395123,2025/2026,SP_FORTRESS,14.832894656215679,30,32,23,35,29,0,73,93,16,Wolverhampton Wanderers,Wolverhampton_Wanderers,SLOW_STARTER+FIRST_HALF_WEAK,4.726751124486327,4.3485709531232715,12.040533108636737,62.10449360380332,7.347006198018789,37.89550639619668,2.9652110310271382,2.900683074258268,4.446323123760521,0,11.870351,1.9144027773290873,24.380356112875482,0.5900484696030617,10.304168,0.0,1.4710813211277127,0,11.118482577614486,6.494370833970606,5.31888401415199,20.78317434899509,3.1341075748205185,0.0,11.63950059376657,1.583894214285714,1.6957644285714284,1.472024,1.1151931509375572,3.619644397869706,7.629210578277707,22.174518999999997,19.387539306655526
3,1,2,20.0,14.285714285714285,25.0,1.9895770000000006,AVERAGE,0.5,5,1,7,5,1,2,3,0,8,0,0,7,2,2,10,1,0,14,1,1,12,1.0,1.1428571428571428,0.875,0,0,2,15,HOME_FORTRESS,La_Liga,7,8,15,2025-12-08T19:16:56.791764,2025/2026,SP_SOLID,18.723548846511235,27,25,24,22,37,0,65,89,14,Alaves,Alaves,SLOW_STARTER,4.131353821605444,1.4087987383827567,7.8394237933680415,57.527053546535846,5.7879450879991055,42.472946453464154,2.299271233379841,2.868562758900225,2.9193823290988803,0,9.949705,2.402743940241635,30.316591981701546,0.23573087900877,7.039872,0.0,3.4585130279883742,0.6879776138812304,9.062555058859289,3.885608671233058,0,13.15065080113709,1.9529784265905619,0.7432776093482971,10.755910407751799,1.1326384666666667,1.4213864285714286,0.879984,0.5622511422261596,3.2007259614765644,4.385765537619591,16.989577,13.627368881367147
5,2,3,31.25,28.57142857142857,33.33333333333333,-2.330748,SOLID,0.7,3,0,5,9,2,6,3,0,11,3,0,9,2,2,10,3,3,17,5,0,9,1.25,1.5714285714285714,1.0,0,3,5,20,HOME_FORTRESS,La_Liga,7,9,16,2025-12-08T19:16:57.518953,2025/2026,SP_SOLID,17.774326016293212,22,17,19,32,36,0,56,86,14,Athletic Club,Athletic_Club,CONSISTENT,2.4246956752613187,2.216533102095127,7.875405768863857,50.49176056528327,7.722001967951655,49.50823943471673,3.234176991507411,4.445187960751355,3.2768140072003007,0,10.787081999999998,2.895895096473396,15.545504202843667,0.0,6.8821699999999995,0.0,1.0617702333256602,1.5236625019460917,10.895563767291605,4.02472829259932,1.8834618646651506,15.942889411002398,2.1281899949535728,0.0,10.648156181909144,1.10432825,1.541011714285714,0.7646855555555555,0.550402152352035,3.446297248825431,5.612840482965112,17.669252,15.597407736815512
6,2,4,37.5,25.0,50.0,3.83906,SOLID,0.7,2,3,7,3,2,0,3,0,9,1,0,6,9,0,5,1,0,12,2,1,10,0.9375,1.125,0.75,1,2,3,15,HOME_FORTRESS,La_Liga,8,8,16,2025-12-08T19:16:58.266844,2025/2026,SP_SOLID,20.93031532555421,20,26,22,31,30,0,68,88,9,Atletico Madrid,Atletico_Madrid,CONSISTENT,2.868044290691614,2.0563708627596498,7.958121083676815,55.3585705740224,6.417468822561204,44.6414294259776,3.033705930225551,2.355714324861765,4.0617544976994395,0,11.638281,1.602955548092723,19.950793737146604,0.201261468231678,7.200779000000001,0.0,7.2100563226267695,3.2515609851107,8.129978248849511,0.7808624096214771,0,13.831186208873987,1.816960052587092,1.4865552186965942,13.477023749612272,1.17744125,1.454785125,0.9000973750000001,2.2504995223134756,4.0547165386378765,4.078474164009094,18.83906,14.37558990623802
4,1,3,25.0,12.5,37.5,4.130167,AVERAGE,0.5,5,4,14,2,5,1,1,0,15,4,0,5,4,3,9,3,1,12,2,3,15,1.25,1.875,0.625,1,5,3,20,HOME_FORTRESS,La_Liga,8,8,16,2025-12-08T19:16:59.023684,2025/2026,SP_SOLID,22.02439266104625,19,19,26,24,26,0,28,113,9,Barcelona,Barcelona,SLOW_STARTER+FIRST_HALF_WEAK,4.752438871189952,4.510793983004987,13.414066811092198,71.14807193108436,5.439665197394788,28.851928068915633,4.150833956897259,3.5852919472381473,1.854373250156641,0,16.10047,3.894793413579464,25.206886726992018,0.10066211223602295,8.029697,0.0,4.228368335403502,3.894329464994371,10.604999183677137,5.340702937915921,0.5953553467988968,16.258602526038885,0.8250411190092564,2.9731104373931885,19.77210952807218,1.5081354375,2.01255875,1.003712125,1.4365867795422673,5.432042305357754,4.066604621708393,24.130167,18.853732008486986
2,2,0,13.333333333333334,28.57142857142857,0.0,4.7650779999999955,AVERAGE,0.5,3,1,8,8,4,3,5,0,7,5,0,12,5,0,12,2,0,12,0,2,14,1.2666666666666666,1.0,1.5,0,5,4,19,BALANCED_DEFENSE,La_Liga,7,8,15,2025-12-08T19:16:59.767509,2025/2026,SP_SOLID,19.191678783460738,27,21,36,28,36,0,68,110,11,Celta Vigo,Celta_Vigo,FIRST_HALF_WEAK,3.9917519092559814,1.9461616519838572,12.248122490011156,58.158270686023094,8.811861490830779,41.8417293139769,6.310208928771317,2.887434985488653,5.924426505342126,0,12.292354,3.427118258550763,18.95420202070068,0.38359077274799347,11.472723999999998,0.0,5.322930643334985,0.0,16.071421121247113,3.438488910906017,0.6408601654693484,16.868609866127372,2.026488460600376,3.7162601351737976,18.649889177642763,1.584338533333333,1.7560505714285715,1.4340904999999997,1.0781218083575368,4.888830839656293,3.797323202714324,23.765077999999995,21.059983980841935
4,0,4,26.666666666666668,0.0,50.0,5.773785,AVERAGE,0.5,4,3,7,4,0,3,1,0,12,1,0,5,5,0,8,4,0,13,4,2,9,1.1333333333333333,1.7142857142857142,0.625,1,2,4,17,BALANCED_DEFENSE,La_Liga,7,8,15,2025-12-08T19:17:00.463803,2025/2026,SP_SOLID,16.650280547122918,30,20,34,37,29,0,67,107,16,Elche,Elche,SLOW_STARTER+FIRST_HALF_WEAK,3.8653378784656525,2.4357559410855174,9.2956657060422,58.05084420550606,6.717306772246957,41.94915579449395,2.9945718864910305,3.1981888860464096,3.519117886200547,0,11.905037,1.5390239031985402,24.138790494434357,0.2850988321006298,10.868748,0.0,4.375317662023008,0.7391360895708203,11.034236883278936,5.644023450091481,1.0034358762204647,17.51397182000801,2.2281402121298015,1.4865552186965942,14.606746532022953,1.5182523333333333,1.7007195714285714,1.3585935,1.9715001871809363,3.7956229224801064,5.961263217031956,22.773785,16.012972478289157
6,3,3,40.0,50.0,33.33333333333333,4.421786999999998,AVERAGE,0.5,2,1,7,8,4,4,4,0,6,2,1,10,3,3,7,3,0,12,4,1,9,1.0666666666666667,1.0,1.1111111111111112,0,3,3,16,BALANCED_DEFENSE,La_Liga,6,9,15,2025-12-08T19:17:01.214674,2025/2026,SP_SOLID,16.241412053379157,25,25,28,34,37,0,72,109,14,Espanyol,Espanyol,CONSISTENT,3.1468247808516026,1.3918190877884626,7.101441257633269,42.81064280356096,9.486586374230683,57.18935719643904,2.5627973889932036,4.724382588639855,4.7622037855908275,0,8.599132,2.4951677564531565,18.970457794553376,0.7191260941326618,11.822655,0.0,5.5666348822414875,1.1040431261062622,7.8882905868813396,4.216659307479858,1.9940088344737887,16.653076843358576,2.7332269959151745,0.7432776093482971,13.69266976416111,1.3614524666666665,1.4331886666666669,1.3136283333333332,0.1589884338900447,3.373282284475863,4.343739977106452,20.421787,16.58802763186395
4,2,2,26.666666666666668,25.0,28.57142857142857,0.7311689999999977,SOLID,0.7,2,2,6,6,2,3,3,0,12,3,0,5,3,1,8,3,2,12,3,1,10,1.1333333333333333,1.5,0.7142857142857143,1,4,2,17,BALANCED_DEFENSE,La_Liga,8,7,15,2025-12-08T19:17:01.981641,2025/2026,SP_SOLID,18.168700133633763,20,17,20,27,38,0,56,90,9,Getafe,Getafe,FIRST_HALF_WEAK,2.898409322835505,2.3431634278967977,8.81246216967702,58.69979092052836,6.20030368771404,41.30020907947164,3.5708894189447165,1.9572634976357222,4.243040190078318,0,9.255993,2.742846980690956,19.306298055721456,0.5524281673133373,8.475176,0.0,3.5974694192409515,1.070604425854981,8.907144358381629,3.9140896294265985,2.5111179035156965,15.623330749571323,2.326086794026196,0.7432776093482971,12.803749972954392,1.182077933333333,1.156999125,1.2107394285714286,0.3385422294959426,3.633817377500236,2.870588969439268,17.731168999999998,15.01276585739106
2,0,2,13.333333333333334,0.0,25.0,3.7996459999999956,SIEVE,0.1,3,5,12,12,4,7,5,0,15,4,1,14,6,0,9,7,7,19,3,4,18,1.9333333333333333,2.142857142857143,1.75,1,6,8,29,BALANCED_DEFENSE,La_Liga,7,8,15,2025-12-08T19:17:02.716073,2025/2026,SP_SOLID,21.948182375440755,38,30,47,56,44,0,92,146,24,Girona,Girona,CONSISTENT,2.8794975662603974,4.003582984209061,12.8168083447963,50.25801003308851,12.685212798416615,49.74198996691149,5.933727794326842,6.354379590600729,6.3308332078158855,0,13.801379999999998,5.280177214182913,11.291252368154924,0.4902459569275379,18.998266,0.0,8.730219030752778,0,12.383178879506886,3.2709155585616827,8.725207189098,22.86947224289179,3.0093112709000707,2.9731104373931885,20.15978261269629,2.1866430666666665,1.971625714285714,2.37478325,1.496514806523919,7.26693797763437,9.940426774322987,32.799645999999996,25.502021143212914
2,2,0,14.285714285714285,25.0,0.0,2.067181999999999,SIEVE,0.1,3,2,10,9,5,6,3,0,10,6,0,16,4,2,12,6,2,18,4,1,13,1.8571428571428572,1.25,2.6666666666666665,1,7,7,26,AWAY_VULNERABLE,La_Liga,8,6,14,2025-12-08T19:17:03.445094,2025/2026,SP_SOLID,15.88005639938046,34,30,44,43,39,0,79,148,15,Levante,Levante,CONSISTENT,4.218424208462238,3.76922520250082,12.538112456910312,56.7512734040601,9.554982032161206,43.2487265959399,4.550463045947254,4.263899756595492,5.291082275565714,0,12.062732,3.768770096823573,19.093858538236493,0.21091270446777344,16.004450000000002,0.0,5.445790426805615,0.7947114165872335,13.854167148005217,4.617850259877741,5.802875874564052,24.926255560014397,2.8505037291906774,0.7432776093482971,18.647181239910424,2.004798714285714,1.5078415,2.667408333333334,0.8661791551858187,4.845861956477165,7.017710156738758,28.067182,22.093094489071518
3,1,2,20.0,12.5,28.57142857142857,4.999162000000002,LEAKY,0.3,5,3,14,1,6,1,0,0,14,2,1,8,2,1,14,3,2,17,5,2,9,1.4666666666666666,1.75,1.1428571428571428,0,3,8,22,HOME_FORTRESS,La_Liga,8,7,15,2025-12-08T19:17:04.173889,2025/2026,SP_SOLID,15.079895832786857,31,29,35,44,29,0,88,106,21,Mallorca,Mallorca,CONSISTENT,4.21254897210747,3.124515362083912,11.828941309824586,56.834129234640585,8.984153689816594,43.165870765359415,4.491876975633204,4.726406494155526,4.257747195661068,0,17.394660000000002,3.113995826803148,20.23989691192057,0.285177331417799,9.604502,0.0,2.229281914420426,0.29029686003923416,15.247412239201367,5.146265050396323,4.15879481844604,20.759780981577933,3.147126879543066,2.2298328280448914,15.287262041121721,1.7999441333333335,2.1743325000000002,1.3720717142857144,0.6832639146596193,4.082437072880566,8.637661961838603,26.999162000000002,20.81309499964118
3,1,2,21.428571428571427,12.5,33.33333333333333,1.6240510000000015,AVERAGE,0.5,0,3,4,10,1,5,5,0,10,1,0,8,4,0,11,3,0,14,4,3,12,1.2857142857142858,1.25,1.3333333333333333,0,1,2,18,BALANCED_DEFENSE,La_Liga,8,6,14,2025-12-08T19:17:04.879792,2025/2026,SP_SOLID,15.450308012339425,25,27,26,41,26,0,75,94,11,Osasuna,Osasuna,CONSISTENT,2.5880046896636486,2.1565614049322903,7.000927657354623,42.9681633045989,9.292362813837826,57.031836695401104,2.256361562758684,4.975988917984068,4.316373895853758,0,12.841902999999999,2.157847261056304,15.88386762170233,0.15908712521195412,6.782148,0.0,4.48614159738645,0.3727054735645652,12.192484010010958,2.0209914837032557,0.5613480675965548,14.370375217404217,2.353997249621898,2.2298328280448914,14.242278419435024,1.4017179285714287,1.6052378749999998,1.130358,0.7165282005444169,3.033462586812675,3.0373949632048607,19.624051,16.29329047119245
5,3,2,33.33333333333333,33.33333333333333,33.33333333333333,6.709500000000002,AVERAGE,0.5,2,1,5,7,2,4,3,0,12,2,0,4,2,1,9,2,2,11,3,3,11,1.0666666666666667,1.3333333333333333,0.6666666666666666,0,2,2,16,BALANCED_DEFENSE,La_Liga,9,6,15,2025-12-08T19:17:05.609797,2025/2026,SP_SOLID,15.444664382769414,21,22,17,38,27,0,68,95,12,Rayo Vallecano,Rayo_Vallecano,CONSISTENT,3.5301667861640453,1.4271979657933116,7.477453159168363,43.62813978100478,9.661607082001865,56.37186021899522,2.5200884072110057,5.9614013358950615,3.7002057461068034,0,15.336627000000002,2.176978358067572,20.597201576339234,0.46602538973093033,7.372872999999999,0.0,1.910475019365549,1.735812969505787,14.06932108849287,3.9069045539945364,1.3971999548375607,17.23456325288862,2.4846561290323734,2.2298328280448914,15.839706180617213,1.513966666666667,1.7040696666666668,1.2288121666666665,0.9123137574642897,3.555317505262792,4.695351276546717,22.709500000000002,17.139060241170228
4,1,3,26.666666666666668,14.285714285714285,37.5,-0.1986169999999987,SOLID,0.7,7,2,12,4,3,3,1,0,8,5,0,11,5,0,7,5,2,13,4,1,13,1.2666666666666666,1.1428571428571428,1.375,0,5,1,19,BALANCED_DEFENSE,La_Liga,7,8,15,2025-12-08T19:17:06.376603,2025/2026,SP_SOLID,21.870172967032676,19,30,30,34,19,0,61,99,11,Real Betis,Real_Betis,FIRST_HALF_WEAK,3.2447355706244707,3.0214007711037993,9.029035447631031,58.5601609703837,6.389357019215822,41.4398390296163,2.762899105902761,4.076174570247531,2.3131824489682913,0,8.648119,3.4372118040919304,21.044577621184636,0.3269987627863884,10.153264,0.0,4.503659239970148,1.5285712447948754,7.545469826087356,4.161992984823883,2.1527574378997087,14.055382132064551,1.9134297329001129,1.4865552186965942,14.12777063716203,1.2534255333333335,1.2354455714285713,1.269158,0.5863028159365058,4.350513382814825,2.8512503635138273,18.801383,15.418392466846853
7,4,3,43.75,44.44444444444444,42.857142857142854,4.380503999999998,SOLID,0.7,1,1,4,8,2,6,2,0,10,1,1,5,2,3,7,2,1,10,3,2,8,0.9375,1.1111111111111112,0.7142857142857143,1,3,4,15,HOME_FORTRESS,La_Liga,9,7,16,2025-12-08T19:17:07.141025,2025/2026,SP_SOLID,22.34721519255375,19,22,21,31,27,0,66,82,13,Real Madrid,Real_Madrid,SECOND_HALF_WEAK,1.7853920683264732,1.6952629229053855,6.427660099230707,41.34516246621118,9.118681276217103,58.654837533788815,2.947005107998848,5.941397082991898,3.177284193225205,0,13.677904,1.4252590890973806,11.484323064886032,0.23349103331565857,5.7026,0.0,6.037355111911893,3.194433324970305,7.708368202671409,2.260825065895915,0.3086604829877615,13.663225246593356,2.2930921399965882,1.4865552186965942,11.896499659866095,1.2112815,1.519767111111111,0.8146571428571429,2.7011116007342935,4.359861723147333,5.3200503885746,19.380504,15.54634137544781
4,0,4,26.666666666666668,0.0,50.0,5.222707,LEAKY,0.3,3,4,9,7,2,3,4,0,12,5,0,10,2,1,11,7,1,14,2,2,13,1.4666666666666666,1.7142857142857142,1.25,1,6,7,22,BALANCED_DEFENSE,La_Liga,7,8,15,2025-12-08T19:17:07.843998,2025/2026,SP_SOLID,20.451350256544547,39,37,47,52,31,0,93,131,19,Real Oviedo,Real_Oviedo,CONSISTENT,4.701645319350064,2.805440994910896,11.672684452496469,50.676394362881716,11.361086199991405,49.32360563711828,4.165598138235509,5.705100645311177,5.655985554680228,0,14.159496999999998,4.550101386383176,20.4119655018022,0.21909471973776817,13.063209999999998,0.0,1.8037166530266404,1.06256303191185,14.097933625802398,8.167673226445913,2.3795813573524356,19.655168406665325,3.058487953618169,2.2298328280448914,16.34035998955369,1.8148471333333334,2.0227852857142854,1.6329012499999997,0.8572705537080765,5.6264666598290205,8.112619951367378,27.222707,23.033770652487874
1,0,1,6.666666666666667,0.0,14.285714285714285,-0.9703189999999999,AVERAGE,0.5,3,3,12,7,6,6,1,0,11,4,0,11,4,0,14,4,0,13,3,2,13,1.4666666666666666,1.375,1.5714285714285714,3,7,5,22,BALANCED_DEFENSE,La_Liga,8,7,15,2025-12-08T19:17:08.583050,2025/2026,SP_SOLID,24.582752843285522,22,37,22,34,31,0,71,101,12,Real Sociedad,Real_Sociedad,CONSISTENT,2.3044628258794546,3.215435485355556,8.940665137954056,51.28657235827393,8.492094991728663,48.71342764172607,3.4207668267190456,5.1650885958224535,3.32700639590621,0,12.281343999999999,3.582110555842519,13.219150660804718,0.3399970456957817,8.748337,0.0,2.8721230337396264,0.17782892100512981,10.590563486330211,7.676657917909324,1.2122208215296268,15.504493673332036,2.950141543522477,1.4865552186965942,12.703370499424636,1.4019787333333333,1.5351679999999999,1.2497624285714284,1.616237686946988,5.538345288485289,5.875882137566805,21.029681,17.43276012968272
3,2,1,20.0,25.0,14.285714285714285,1.6211599999999997,LEAKY,0.3,1,3,7,10,3,5,5,0,12,1,1,12,4,1,13,5,1,17,4,4,19,1.6,1.5,1.7142857142857142,1,3,1,24,BALANCED_DEFENSE,La_Liga,8,7,15,2025-12-08T19:17:09.264859,2025/2026,SP_FORTRESS,12.902992384632029,17,24,23,35,32,0,45,115,6,Sevilla,Sevilla,CONSISTENT,1.9862142773345113,3.3409187691286206,8.924145098775625,44.78589716952525,11.002094326540828,55.21410283047475,3.5970120523124933,6.076774195767939,4.925320130772889,0,14.521527,1.9708261461928487,9.967833041346525,0.31395527347922325,11.099633,0.0,7.71140977460891,1.698280674405396,11.811310875229537,3.4513586945831776,1.307700302451849,18.911467069759965,1.8681342555209994,3.7163880467414856,21.214133659377694,1.7080773333333332,1.815190875,1.5856618571428573,1.0674237851053476,3.3522052047774196,2.8977924063801765,25.62116,19.926239425316453
4,1,3,26.666666666666668,14.285714285714285,37.5,0.7987850000000023,AVERAGE,0.5,1,4,8,10,3,6,4,0,16,3,0,7,4,0,10,3,6,16,4,2,12,1.5333333333333334,2.2857142857142856,0.875,2,5,6,23,HOME_FORTRESS,La_Liga,7,8,15,2025-12-08T19:17:09.989609,2025/2026,SP_VULNERABLE,26.636862436478765,30,35,33,32,35,0,71,107,17,Valencia,Valencia,CONSISTENT,2.5632431730628014,4.627951582893729,12.018354157917202,57.09316919322123,9.032069785520434,42.90683080677877,4.827159401960671,4.762466484680772,4.2696033008396626,0,14.973128,3.8077177982777357,12.176681951632997,0.43890586867928505,8.825657,0.0,4.930707979016006,0.6133740870282054,12.774455385282636,3.641859719529748,4.130144514143467,16.911007159389555,2.648289965465665,2.2298328280448914,15.686526969075203,1.586585666666667,2.1390182857142856,1.103207125,2.7030780306085944,6.949701697565615,6.755724750459194,23.798785000000002,21.050423943437636
7,2,5,46.666666666666664,28.57142857142857,62.5,5.198916000000004,SOLID,0.7,2,0,2,7,0,5,2,0,9,0,1,4,5,2,3,3,0,10,3,2,9,0.8666666666666667,1.2857142857142858,0.5,0,1,1,13,BALANCED_DEFENSE,La_Liga,7,8,15,2025-12-08T19:17:10.725483,2025/2026,SP_VULNERABLE,26.5915394506383,28,36,28,28,22,0,73,98,12,Villarreal,Villarreal,SLOW_STARTER+FIRST_HALF_WEAK,3.2021668078377843,3.988278953358531,8.935008648317307,65.0266614436487,4.805522466078401,34.973338556351294,1.744562887120992,2.7538276137784123,2.0516948522999883,0,10.035263,1.2595658954232931,23.304534454879487,0.5387087427079678,8.163653,0.0,3.655519221909344,1.355016401503235,9.913129679858685,2.8158336523920298,0.9336201352998614,11.477816433180124,2.0801880746148527,2.2298328280448914,11.564769758842885,1.213261066666667,1.4336090000000001,1.020456625,3.1671951916068792,4.96546982973814,5.028161257505417,18.198916000000004,13.740531114395708
2,0,2,15.384615384615385,0.0,28.57142857142857,-2.7883299999999984,LEAKY,0.3,3,6,14,11,5,7,4,0,12,1,1,15,4,2,8,5,8,22,3,2,22,2.076923076923077,2.0,2.142857142857143,1,3,1,27,BALANCED_DEFENSE,Bundesliga,6,7,13,2025-12-08T19:17:12.058336,2025/2026,SP_SOLID,16.242480297508795,29,22,31,35,25,0,51,120,13,Augsburg,Augsburg,FIRST_HALF_WEAK,2.345232689753175,5.059545759111643,13.406079339794815,60.18495284042148,8.868723093532026,39.81504715957852,6.001300890929997,5.672013711184263,3.1967093823477626,0,10.783664,2.425784925930202,10.528635200123317,0.39222750440239906,13.428006,0.0,3.6059405766427517,3.5854537449777126,7.371044639497995,5.011562963947654,6.280264997854829,19.381643085740507,2.043341686949134,2.273249626159668,19.970566591247916,1.862436153846154,1.7972773333333334,1.9182865714285715,1.3813617806881666,4.199374211020768,2.840358644723892,24.21167,22.27480243332684
3,0,3,23.076923076923077,0.0,42.857142857142854,-2.1712450000000025,AVERAGE,0.5,1,4,10,6,5,3,3,0,13,5,0,6,4,7,4,3,1,11,2,2,13,1.4615384615384615,2.1666666666666665,0.8571428571428571,1,6,3,19,HOME_FORTRESS,Bundesliga,6,7,13,2025-12-08T19:17:12.785525,2025/2026,SP_VULNERABLE,28.770485789848316,23,22,20,31,26,0,55,86,12,Bayer Leverkusen,Bayer_Leverkusen,CONSISTENT,2.185869885608554,2.6089117424562573,8.591824349015951,56.45446107754666,6.62721093185246,43.54553892245334,3.79704272095114,3.330095626413822,3.2971153054386377,0,11.273625000000003,4.245271951891482,14.36273617393064,0.33097801357507706,5.55513,0.0,3.4812612025998533,5.176070268731564,3.6528264498338103,1.9686130359768867,3.5531526124104857,11.186039177700877,1.9506554175168276,1.51555335521698,11.674547092057765,1.2945196153846152,1.8789375000000004,0.79359,0.5540810711681843,5.130331036634743,3.2067210599780083,16.828754999999997,15.219035280868411
7,3,4,53.84615384615385,50.0,57.14285714285714,0.04882799999999854,FORTRESS,0.9,2,2,4,2,0,1,1,0,5,3,1,4,0,4,4,1,0,3,1,0,5,0.6923076923076923,0.8333333333333334,0.5714285714285714,2,6,3,9,BALANCED_DEFENSE,Bundesliga,6,7,13,2025-12-08T19:17:13.518560,2025/2026,SP_VULNERABLE,34.047430467873134,17,21,13,29,15,0,42,68,6,Bayern Munich,Bayern_Munich,SLOW_STARTER,1.6621888652443886,1.3417863147333264,3.671372212469578,51.59226431774028,3.4447570387274027,48.40773568225973,0.6673970324918628,1.9521883837878704,1.4925686549395323,0,4.618196,1.384738544933498,23.358047705004758,0.16164454445242882,4.430631999999999,0.0,2.0685566598549485,3.747716612648219,2.8112649749964476,0.42617646884173155,0.0,5.213380815926939,1.1369993942789733,0.75777667760849,5.936784273013473,0.6960636923076922,0.7696993333333334,0.6329474285714285,1.5361741334199905,3.0825572228059173,1.9799310490489006,9.048827999999999,7.1161292511969805
7,3,4,53.84615384615385,42.857142857142854,66.66666666666666,3.610167999999998,SOLID,0.7,1,1,2,3,0,2,1,0,7,2,0,4,5,3,2,1,0,7,1,1,6,0.8461538461538461,1.0,0.6666666666666666,1,3,4,11,BALANCED_DEFENSE,Bundesliga,7,6,13,2025-12-08T19:17:14.206898,2025/2026,SP_VULNERABLE,32.6039714680466,17,17,22,26,26,0,43,82,12,Borussia Dortmund,Borussia_Dortmund,CONSISTENT,1.6307262387126684,2.217667275108397,5.558912188746035,49.01290599981918,5.7828192906454206,50.98709400018082,1.7105186749249697,3.4108375115320086,2.371981779113412,0,7.584083999999999,2.8686517318710685,14.378106567553525,0.11539667099714279,7.026084,0.0,4.657067455351353,2.491314936429262,5.600505713373423,2.024905137717724,0.0,9.199173231609166,1.241628778167069,0.75777667760849,8.96639550011605,1.1238590769230767,1.0834405714285713,1.171014,1.8327949307858944,4.816843333654106,4.565768964588642,14.610167999999998,11.341731479391456
6,3,3,46.15384615384615,50.0,42.857142857142854,0.5733619999999995,AVERAGE,0.5,4,2,9,5,3,1,4,0,5,4,0,14,0,1,6,5,7,11,1,2,13,1.4615384615384615,0.8333333333333334,2.0,2,6,5,19,AWAY_VULNERABLE,Bundesliga,6,7,13,2025-12-08T19:17:14.934806,2025/2026,SP_VULNERABLE,26.08838972356805,22,22,17,45,44,0,73,106,13,Borussia M.Gladbach,Borussia_M.Gladbach,SLOW_STARTER,3.3788698064163327,1.299041634425521,6.755376460030675,44.693325205080356,8.359579585492611,55.30667479491965,2.0774650191888213,3.6143458895385265,4.745233695954084,0,6.662436,2.603189595043659,22.35447986907695,0.1408652365207672,12.910926,0.0,1.0318567641079426,2.589847114868462,8.26079586148262,2.1775463670492172,5.6574116963893175,13.057937213219702,2.3533821860328317,1.51555335521698,13.368653366342187,1.5056432307692307,1.110406,1.844418,2.399912403896451,5.143967235460877,3.995422251522541,19.573362,15.114956045523286
2,0,2,15.384615384615385,0.0,33.33333333333333,-8.982324000000002,AVERAGE,0.5,6,2,10,10,2,6,4,0,20,2,3,9,1,8,8,6,6,22,7,2,17,2.230769230769231,2.857142857142857,1.5,0,5,5,29,HOME_FORTRESS,Bundesliga,7,6,13,2025-12-08T19:17:15.665876,2025/2026,SP_SOLID,15.753894248418662,19,18,17,32,24,0,50,88,11,Eintracht Frankfurt,Eintracht_Frankfurt,CONSISTENT,2.446929907426238,2.683418571949005,6.81788487220183,45.975627386098495,8.01146115269512,54.024372613901505,1.687536392826587,5.2396387523040175,2.771822400391102,0,12.717672,2.5524596935138106,16.500592159074944,0.3013116717338562,7.300004,0.0,0.7641122471541166,4.9921743352897465,4.317068146541715,5.447714699432254,4.579777923412621,15.41862776177004,1.7072377023287117,1.51555335521698,14.573394163511693,1.5398212307692307,1.8168102857142858,1.2166673333333333,0.31289486959576607,3.166666234843433,3.8202154859900475,20.017675999999998,14.82934602489695
2,2,0,15.384615384615385,28.57142857142857,0.0,1.4681069999999963,LEAKY,0.3,1,2,6,10,3,7,3,0,11,6,2,10,4,2,10,3,2,9,2,3,12,1.6153846153846154,1.5714285714285714,1.6666666666666667,1,9,7,21,HOME_FORTRESS,Bundesliga,7,6,13,2025-12-08T19:17:16.407126,2025/2026,SP_SOLID,24.31872367560958,19,22,34,38,24,0,57,113,13,FC Cologne,FC_Cologne,CONSISTENT,2.8870366690680385,3.038774000480771,9.53113885037601,49.53563478248979,9.709835636429489,50.464365217510206,3.6053281808272004,6.983251607976854,2.726584028452635,0,14.424510000000001,3.992636488750577,15.004628123423917,0.1909085176885128,8.043597,0.0,4.616160960868001,1.0427616713568568,12.055360168218613,2.8358143139630556,2.9283768981695175,14.737702083773911,1.6641026735305786,3.03110671043396,15.75779337156564,1.7283159230769227,2.060644285714286,1.3405995,1.5261202119290829,5.709665218368173,6.056577967479825,22.468106999999996,19.2409744868055
0,0,0,0.0,0.0,0.0,-0.276882999999998,SIEVE,0.1,2,4,12,13,6,8,5,0,15,0,0,13,1,1,13,7,6,25,4,2,18,2.1538461538461537,2.5,1.8571428571428572,1,1,6,28,BALANCED_DEFENSE,Bundesliga,6,7,13,2025-12-08T19:17:17.147859,2025/2026,SP_SOLID,16.494819199781848,20,32,31,42,37,0,67,115,23,FC Heidenheim,FC_Heidenheim,CONSISTENT,2.239662772975862,4.589923623949289,12.035931279882789,53.983182902401474,10.259773850440979,46.01681709759852,5.206344882957637,6.068810255266726,4.190963595174253,0,14.998693,2.191042633727193,10.045265488956252,0.3872304670512676,12.724423999999999,0.0,0.777407331392169,0.5418428480625153,12.257797827012837,6.858823471702635,7.450613785535097,21.771106583066285,2.4917791122570634,1.51555335521698,17.65907894913107,2.132547461538462,2.4997821666666664,1.817774857142857,2.0215522246435285,4.599825325421989,7.735627202317119,27.723117000000002,22.295705130323768
4,3,1,30.76923076923077,42.857142857142854,16.666666666666664,-3.238373899999999,AVERAGE,0.5,1,4,9,9,4,8,1,0,14,5,0,8,4,2,7,4,5,17,2,0,12,1.6923076923076923,2.0,1.3333333333333333,0,5,8,22,HOME_FORTRESS,Bundesliga,7,6,13,2025-12-08T19:17:17.888837,2025/2026,SP_SOLID,22.992555135179593,18,25,20,31,28,0,59,83,15,Freiburg,Freiburg,SECOND_HALF_WEAK,2.22696609608829,2.392037688754499,6.254659575410187,41.475387111568345,8.825753197073936,58.52461288843165,1.635655790567398,5.596800040453672,3.228953156620264,0,13.205224,3.3238192135468125,14.7672754697513,0.21897492557764053,5.5564021,0.0,2.485765755176544,2.308119136840105,8.02986529842019,2.3232316076755524,3.7464722264558077,13.791589513421059,2.176356142386794,0.75777667760849,11.13347763568163,1.4432020076923078,1.8864605714285714,0.9260670166666666,0.8012936944141984,4.3440878335386515,5.583620246499777,18.7616261,15.080412772484124
3,2,1,23.076923076923077,33.33333333333333,14.285714285714285,1.7307190000000041,LEAKY,0.3,3,4,9,7,2,4,3,0,12,3,1,8,2,1,9,4,4,14,3,1,15,1.5384615384615385,2.0,1.1428571428571428,1,5,2,20,HOME_FORTRESS,Bundesliga,6,7,13,2025-12-08T19:17:18.636640,2025/2026,SP_SOLID,19.208091644007787,26,32,30,31,28,0,78,104,9,Hamburger SV,Hamburger_SV,FIRST_HALF_WEAK,2.83319388050586,4.112785712815821,10.550812482833862,63.75278301266128,5.998759134672582,36.24721698733872,3.6048328895121813,3.560572974383831,2.438186160288751,0,12.245930000000001,2.639577694237232,17.11943937877434,0.5238843001425266,9.484789,0.0,2.1248738933354616,1.8253257106989622,9.097469492815435,4.63259803596884,4.336125197820365,16.27191015984863,2.8999518509954214,1.51555335521698,16.86758461315185,1.6715937692307696,2.0409883333333334,1.354969857142857,1.065466821193695,4.228928815573454,2.2488558664917946,21.730719000000004,16.549571617506444
2,1,1,15.384615384615385,14.285714285714285,16.666666666666664,1.617839,AVERAGE,0.5,5,2,9,8,2,5,3,0,9,5,0,10,2,3,8,3,3,10,1,2,13,1.4615384615384615,1.2857142857142858,1.6666666666666667,2,7,5,19,BALANCED_DEFENSE,Bundesliga,7,6,13,2025-12-08T19:17:19.375604,2025/2026,SP_VULNERABLE,26.434337736236923,19,15,27,32,33,0,55,90,15,Hoffenheim,Hoffenheim,CONSISTENT,4.012289701960981,1.8693497013300657,8.682780869305134,47.3780884688764,9.643794030416757,52.6219115311236,2.801141466014087,5.030485148541629,4.6133088818751276,0,11.654357999999998,3.35064447671175,21.893287337733074,0.33058569580316544,8.963481,0.0,4.0961591294035316,4.865212402772158,7.1281115328893065,2.477451531216502,3.1866251789033413,14.487596959341317,2.327484061475843,1.51555335521698,12.538672463968396,1.5859876153846153,1.6649082857142854,1.4939135,2.069179288111627,5.750409460626543,6.887403249740601,20.617839,18.32657489972189
0,0,0,0.0,0.0,0.0,0.4142869999999981,LEAKY,0.3,6,3,11,6,2,6,0,0,13,3,0,11,2,1,11,6,4,20,2,1,17,1.8461538461538463,2.1666666666666665,1.5714285714285714,0,3,3,24,BALANCED_DEFENSE,Bundesliga,6,7,13,2025-12-08T19:17:20.146701,2025/2026,SP_SOLID,19.96203311231957,28,33,31,36,36,0,60,127,12,Mainz 05,Mainz_05,SLOW_STARTER,5.938345980830491,3.722372490912676,11.865742432884872,55.69432430576988,9.439377219416201,44.30567569423012,2.2050239611417055,5.383416106924415,4.0559611124917865,0,10.749302,4.530889922752976,27.87285909557948,0.5360781773924828,13.664985,0.0,0.6341244112700224,0.723371715284884,12.956583723425865,7.559661109931767,5.026072424836457,20.77228705212474,1.8879409870132804,0.75777667760849,18.560180814936757,1.8780220769230769,1.7915503333333334,1.9521407142857143,0.30278155487030745,5.369749655015767,4.451691582798958,24.414286999999998,21.305119652301073
7,4,3,53.84615384615385,57.14285714285714,50.0,3.260266999999999,SOLID,0.7,0,4,7,4,3,1,3,0,10,2,0,3,4,1,2,2,4,11,0,0,11,1.0,1.4285714285714286,0.5,0,2,2,13,HOME_FORTRESS,Bundesliga,7,6,13,2025-12-08T19:17:20.884376,2025/2026,SP_VULNERABLE,28.30392043540947,28,29,26,30,30,0,66,96,12,RasenBallsport Leipzig,RasenBallsport_Leipzig,FIRST_HALF_WEAK,2.5585228614509106,2.843701790086925,8.050368156284094,59.243076959351505,5.538338861428201,40.756923040648495,2.6481435047462583,2.7771321246400476,2.7612067367881536,0,10.285834,3.6085256561636925,18.828302487617005,0.270037516951561,5.974433,0.0,6.0410199193283916,2.0056197503581643,5.138909385539591,0.5209541991353035,2.676556309685111,11.746011420153081,1.8923475788906217,0.0,10.630279829725623,1.2507897692307692,1.469404857142857,0.9957388333333334,0.7584849707782269,4.63704814389348,3.860432155430317,16.260267,13.588707017712295
1,1,0,7.6923076923076925,14.285714285714285,0.0,-1.0137260000000055,LEAKY,0.3,3,1,11,10,7,7,3,0,11,1,0,14,1,0,14,7,3,22,2,0,19,1.9230769230769231,1.5714285714285714,2.3333333333333335,2,3,4,25,BALANCED_DEFENSE,Bundesliga,7,6,13,2025-12-08T19:17:21.613168,2025/2026,SP_FORTRESS,13.441615674737426,19,26,20,32,23,0,44,85,16,St. Pauli,St._Pauli,FIRST_HALF_WEAK,2.5407650116831064,5.277205250225961,12.187172620557249,61.32010411140065,7.687504366971552,38.67989588859934,4.369202358648181,5.361440345644951,2.3260640213266015,0,13.844380000000001,1.176329804584384,12.783931096225695,0.27240608260035515,10.141894,0.0,0.9908558819442987,0.5349349975585938,11.90790922101587,6.7644726280122995,4.528612920083106,19.887552797794342,2.4505020659416914,1.51555335521698,16.443034894764423,1.8450979999999997,1.9777685714285715,1.6903156666666668,1.874943608418107,3.323679495602846,5.833248687908053,23.986273999999995,19.8746769875288
3,1,2,23.076923076923077,16.666666666666664,28.57142857142857,-2.5046870000000006,AVERAGE,0.5,1,1,7,7,5,6,1,0,12,2,0,10,3,5,6,6,2,17,1,3,19,1.6923076923076923,2.0,1.4285714285714286,0,2,2,22,BALANCED_DEFENSE,Bundesliga,6,7,13,2025-12-08T19:17:22.353344,2025/2026,SP_FORTRESS,14.110407175764378,21,25,29,34,26,0,65,93,14,Union Berlin,Union_Berlin,CONSISTENT,1.3229447552002966,2.2038380317389965,8.122786486987025,55.44459129602149,6.527491019107401,44.55540870397851,4.596003700047731,5.0502297496423125,1.4772612694650888,0,9.581663,1.6366751063615084,9.030168572915835,0.14613907784223557,9.91365,0.0,2.9838659521192312,2.224168898537755,7.591169334482402,3.7841745670884848,2.9516638657078147,14.50523852976039,1.7763028289191425,2.27333003282547,14.87439647410065,1.4996394615384614,1.5969438333333335,1.4162357142857143,0.9736598711460829,2.756474055349827,2.8843433149158955,19.495313,14.650277506094426
4,1,3,30.76923076923077,14.285714285714285,50.0,-1.8688920000000024,AVERAGE,0.5,3,3,10,3,4,2,1,0,14,0,0,8,1,0,12,6,3,18,2,4,17,1.6923076923076923,2.0,1.3333333333333333,0,0,2,22,BALANCED_DEFENSE,Bundesliga,7,6,13,2025-12-08T19:17:23.071835,2025/2026,SP_FORTRESS,11.095303151954676,16,23,24,35,20,0,38,112,14,VfB Stuttgart,VfB_Stuttgart,FIRST_HALF_WEAK,2.6483528167009354,1.9217771738767624,10.331382574513555,69.01419963605142,4.638554958626628,30.985800363948595,5.761252583935857,3.0719256196171045,1.5666293390095234,0,9.784746,1.747635037638247,17.69114140147919,0.13298390060663223,10.346362,0.0,1.6510678995400667,1.3793508941307664,10.946913504973054,4.673999026417732,3.1330088265240192,16.33619486168027,1.4799665827304125,3.03110671043396,15.387554372660816,1.548546769230769,1.3978208571428572,1.7243936666666666,0.5364196412265301,2.4170385794714093,3.9168191961944103,20.131107999999998,14.969937533140182
3,1,2,23.076923076923077,14.285714285714285,33.33333333333333,1.6598240000000004,LEAKY,0.3,1,4,9,10,4,2,8,0,16,2,0,8,4,0,9,6,5,17,2,3,19,1.8461538461538463,2.2857142857142856,1.3333333333333333,2,4,2,24,HOME_FORTRESS,Bundesliga,7,6,13,2025-12-08T19:17:23.791219,2025/2026,SP_SOLID,20.55059736363689,34,26,38,27,32,0,74,115,11,Werder Bremen,Werder_Bremen,FIRST_HALF_WEAK,3.711321923881769,3.5835322001948953,13.2788529060781,61.076466044757005,8.462504716590047,38.923533955242995,5.983998782001436,3.7478451570495963,4.714659559540451,0,17.998179999999998,3.675844421610236,17.070331983372746,0.8591800052672625,7.661644,0.0,3.7457629404962063,1.3471342138946056,10.699993222020566,5.307034604251385,5.675654681399465,18.999708061106503,2.6270794589072466,2.27333003282547,18.18140213843435,1.9738326153846155,2.5711685714285712,1.2769406666666667,0.9675171412527561,5.502541568130255,4.967098064720631,25.659824,21.741357622668147
1,1,0,7.6923076923076925,16.666666666666664,0.0,0.44003599999999565,LEAKY,0.3,4,4,10,6,2,3,3,0,8,4,1,15,7,1,9,3,3,16,3,2,17,1.7692307692307692,1.3333333333333333,2.142857142857143,0,5,3,23,BALANCED_DEFENSE,Bundesliga,6,7,13,2025-12-08T19:17:24.540000,2025/2026,SP_SOLID,23.89131307775601,24,26,26,37,32,0,67,113,14,Wolfsburg,Wolfsburg,FIRST_HALF_WEAK,2.6689284527674317,2.595470253378153,9.627647954039276,59.242397153483125,6.6236322382465005,40.757602846516875,4.363249247893691,3.795947558246553,2.8276846799999475,0,9.544426,4.471708592958748,16.422881281896363,0.44233637675642967,13.89561,0.0,7.007486850954592,1.9291368518024683,6.4036818677559495,6.301759026013315,2.1893165381625295,14.348867869004607,2.599241469055414,3.78888338804245,17.696342524141073,1.803079692307692,1.5907376666666666,1.9850871428571428,0.779584907926619,5.693629877641797,3.535797141492367,23.440035999999996,16.251280192285776
7,4,3,53.84615384615385,66.66666666666666,42.857142857142854,4.673259999999999,SOLID,0.7,0,1,3,5,2,4,1,0,3,2,0,6,3,2,4,0,0,5,0,2,7,0.6923076923076923,0.5,0.8571428571428571,0,2,2,9,BALANCED_DEFENSE,Serie_A,6,7,13,2025-12-08T19:17:25.927223,2025/2026,SP_VULNERABLE,26.08142227224472,25,27,16,27,13,0,60,75,15,AC Milan,AC_Milan,SECOND_HALF_WEAK,1.7160013262182474,1.8367224410176277,4.495427022688091,40.98148197655953,6.473983564414084,59.01851802344047,0.9427032554522157,4.787847020663321,1.686136543750763,0,5.826922000000001,2.615169107913971,15.643514413034376,0.1586766093969345,7.846337999999999,0.0,5.9873271668329835,2.1216045171022415,5.564685081131756,0.0,0,7.062147695571184,1.6168741546571255,3.0451953411102295,8.519937915727496,1.0517892307692307,0.9711536666666668,1.1209054285714284,0.7924280110746622,3.5662737283855677,3.5368046946823597,13.673259999999999,10.969410587102175
3,1,2,21.428571428571427,14.285714285714285,28.57142857142857,-0.20039700000000238,AVERAGE,0.5,1,5,10,3,4,1,2,0,10,2,0,7,3,1,7,3,3,13,4,1,10,1.2142857142857142,1.4285714285714286,1.0,1,3,2,17,BALANCED_DEFENSE,Serie_A,7,7,14,2025-12-08T19:17:26.657246,2025/2026,SP_SOLID,24.36773866259408,24,30,22,22,21,0,68,75,10,Atalanta,Atalanta,FIRST_HALF_WEAK,2.0417387234047055,3.453523105941713,8.657049000263214,59.109587116281716,5.988712241873145,40.890412883718284,3.1617871709167957,2.9508313788101077,3.0378808630630374,0,9.211466,2.5237831957638264,13.940816661209476,0.499525586143136,7.588137000000001,0.0,2.5048933448269963,2.351163408719003,8.63026622030884,1.3078410886228085,3.699925704859197,12.464900634251535,2.1676954105496407,1.5225976705551147,11.164917882531881,1.1999716428571428,1.3159237142857143,1.0840195714285714,1.4832826806232333,4.506591462530196,4.161476474255323,16.799602999999998,14.64576124213636
6,2,4,42.857142857142854,25.0,66.66666666666666,5.391404699999999,SOLID,0.7,2,1,5,5,2,3,2,0,8,1,0,4,2,1,7,2,0,9,1,2,7,0.8571428571428571,1.0,0.6666666666666666,0,1,4,12,HOME_FORTRESS,Serie_A,8,6,14,2025-12-08T19:17:27.403003,2025/2026,SP_SOLID,24.113803411690846,22,19,20,25,27,0,48,77,17,Bologna,Bologna,CONSISTENT,2.7209449652582407,2.272042312659323,7.450685923919082,56.42537493392524,5.753809274639934,43.57462506607475,2.4576986460015178,2.460597075521946,3.2932121991179883,0,12.720747999999999,2.604598137550056,20.60620208756767,0.3369063325226307,4.6706567,0.0,3.771056255325675,2.000810609664768,8.131034789606929,2.9450634075328708,0.8167874943464994,11.882511181291193,1.8907664506696165,1.5225976705551147,9.685056988149881,1.2422431928571427,1.5900934999999998,0.7784427833333334,1.3181392345577478,4.2596437046304345,6.088929117657244,17.3914047,13.204495198559016
3,1,2,21.428571428571427,14.285714285714285,28.57142857142857,3.281177000000003,AVERAGE,0.5,2,4,8,6,2,3,3,0,9,3,2,10,3,0,11,5,0,12,3,0,12,1.3571428571428572,1.2857142857142858,1.4285714285714286,2,7,4,19,BALANCED_DEFENSE,Serie_A,7,7,14,2025-12-08T19:17:28.115875,2025/2026,SP_VULNERABLE,31.26642946532691,15,32,37,42,20,0,57,101,19,Cagliari,Cagliari,CONSISTENT,2.264217051677406,3.3739863792434335,9.045583213679492,51.2580168868207,8.60157475899905,48.7419831131793,3.407379782758653,5.395300572738051,3.2062741862609982,0,11.065563999999998,5.630987255834043,12.830491205342431,0.1978986170142889,11.215613,0.0,2.8498944025486708,0.04185042530298233,10.625017002224922,8.072913941927254,1.001980135217309,15.52805174794048,1.6021152660250664,0.0,13.491873365826905,1.5915126428571431,1.580794857142857,1.6022304285714284,1.2347182864323258,7.063604159280658,7.497667275369167,22.281177000000003,17.647157972678542
6,2,4,42.857142857142854,28.57142857142857,57.14285714285714,6.425515999999998,SOLID,0.7,3,1,4,4,0,3,1,0,8,2,0,3,4,0,4,1,2,7,2,1,8,0.7857142857142857,1.1428571428571428,0.42857142857142855,1,3,1,11,BALANCED_DEFENSE,Serie_A,7,7,14,2025-12-08T19:17:28.845132,2025/2026,SP_VULNERABLE,28.285046304852507,29,18,26,21,16,0,52,89,12,Como,Como,SLOW_STARTER+FIRST_HALF_WEAK,3.0014009862206876,2.2930654883384705,8.169956577476114,65.55907715672467,4.292019600048661,34.44092284327534,2.875490102916956,2.156193455681205,2.1358261443674564,0,9.706707999999999,2.8300269711762667,24.084470580466416,0.269314281642437,7.718807999999999,0.0,5.938816413283348,1.4599349237978458,7.982067583594471,1.7709274664521217,0.7522677537053823,12.078556615393609,1.3431310406886041,0.7612988352775574,13.161386006511748,1.2446797142857142,1.3866725714285713,1.102686857142857,1.9648174373432994,5.064158690162003,3.3994970936328173,17.425516,12.461976177524775
4,2,2,28.57142857142857,28.57142857142857,28.57142857142857,8.522393000000001,LEAKY,0.3,2,1,6,10,3,4,6,0,8,1,0,9,4,2,5,3,3,14,2,2,12,1.2142857142857142,1.1428571428571428,1.2857142857142858,0,1,3,17,BALANCED_DEFENSE,Serie_A,7,7,14,2025-12-08T19:17:29.580546,2025/2026,SP_SOLID,15.923230775730325,30,37,33,42,41,0,83,129,18,Cremonese,Cremonese,CONSISTENT,3.228445620276034,2.8247254444286227,10.79755106754601,51.71074066043862,10.083122714422643,48.28925933956138,4.744380002841353,3.777181693352759,6.305941021069884,0,14.98324,2.908774741925299,15.461405383689932,0.4275216571986675,10.539152999999999,0.0,3.9815960060805082,2.9243114460259676,9.925892890430987,6.214906083419919,2.572283860296011,20.017021670006216,3.0116606652736664,1.5225976705551147,17.40312731359154,1.8230280714285716,2.140462857142857,1.5055932857142855,0.7430745465680957,4.079370945692062,5.2042023073881865,25.522393,20.880673781968653
2,2,0,14.285714285714285,25.0,0.0,0.2903880000000001,LEAKY,0.3,4,4,10,10,2,5,5,0,13,5,0,11,6,0,11,5,2,12,6,3,14,1.7142857142857142,1.625,1.8333333333333333,4,9,4,24,BALANCED_DEFENSE,Serie_A,8,6,14,2025-12-08T19:17:30.316936,2025/2026,SP_VULNERABLE,33.074978451090445,24,30,31,46,26,0,56,114,17,Fiorentina,Fiorentina,CONSISTENT,3.3527217246592045,3.542691429145634,11.16602220851928,57.171456999245315,8.364741558209062,42.82854300075468,4.270609054714441,6.1119325291365385,2.252809029072523,0,13.558660999999999,5.0339936362579465,17.166362589315316,0.37419307976961136,10.731727,0.0,1.9771787403151393,0,14.513218980282545,4.5678343921899796,3.346769103780389,13.287856982089579,1.7648427030071616,3.0451953411102295,16.025547919794917,1.7350277142857142,1.6948326249999999,1.7886211666666665,2.6637621773406863,8.071948893368244,6.614610593765974,24.290388,19.53076376672834
2,0,2,15.384615384615385,0.0,28.57142857142857,0.954787299999996,LEAKY,0.3,3,3,8,10,2,5,5,0,11,6,0,9,7,0,10,2,1,11,1,2,11,1.5384615384615385,1.8333333333333333,1.2857142857142858,1,7,7,20,BALANCED_DEFENSE,Serie_A,6,7,13,2025-12-08T19:17:31.050212,2025/2026,SP_SOLID,24.260833063785036,17,19,28,26,26,0,39,75,23,Genoa,Genoa,CONSISTENT,1.4086664337664843,3.7700969763100147,8.912946227937937,46.959038567458386,10.067310821264982,53.04096143254162,3.734182817861438,3.1709239557385445,6.896386865526438,0,9.74098,2.6060731122270226,7.421745817850457,0.2411489598453045,11.2138073,0.0,6.914031758904457,0,8.872710425406694,3.4249527156352997,3.4141160380095243,15.614003046415746,1.2888729814440012,1.5225976705551147,9.757341727614403,1.6119067153846152,1.6234966666666668,1.6019724714285712,2.6419881489127874,5.489210220985115,10.579596228897572,20.954787299999996,18.98025704920292
7,3,4,50.0,50.0,50.0,0.3414690000000018,FORTRESS,0.9,1,1,6,3,4,2,1,0,8,1,0,5,3,2,6,2,0,9,3,2,8,0.9285714285714286,1.3333333333333333,0.625,1,2,2,13,BALANCED_DEFENSE,Serie_A,6,8,14,2025-12-08T19:17:31.792893,2025/2026,SP_SOLID,21.49988300203609,15,17,18,26,23,0,53,68,11,Inter,Inter,SECOND_HALF_WEAK,0.6651079170405865,1.7323197601363063,3.965706984512508,37.48251899632139,6.614443684928119,62.51748100367861,1.5682793073356152,5.167873960919678,1.446569724008441,0,6.763969,2.084153750911355,6.2863747201792055,0.17711061611771584,6.577500000000001,0.0,5.452098159119487,2.8168092388659716,4.332692212425172,0.6363645400851965,0.13863587379455566,8.978048998862505,1.426504840143025,1.5225976705551147,7.225564517080784,0.9529620714285716,1.1273281666666668,0.8221875000000001,0.6146889878436923,2.875953354872763,4.724530667066574,13.341469000000002,10.580150669440627
4,1,3,28.57142857142857,14.285714285714285,42.857142857142854,0.4562119999999972,SOLID,0.7,3,2,8,3,3,1,2,0,8,2,0,6,5,1,7,1,0,11,4,1,7,1.0,1.1428571428571428,0.8571428571428571,0,2,3,14,BALANCED_DEFENSE,Serie_A,7,7,14,2025-12-08T19:17:32.514436,2025/2026,SP_SOLID,20.6067202671055,12,23,23,38,21,0,60,76,14,Juventus,Juventus,CONSISTENT,2.4022180065512657,1.7968529807403684,6.615751639008522,55.89912397580904,5.219409931451082,44.10087602419096,2.416680651716888,3.7946055699139833,1.4248043615370989,0,8.281217000000002,2.570011072792113,20.297297947728637,0.29133085906505585,6.174995000000001,0.0,2.403054930269718,0.48010378703475,8.483404269441962,2.990347184240818,0.1683376505970955,10.009472964331508,1.8809916758909822,1.5225976705551147,9.61527791339904,1.0325865714285711,1.1830310000000002,0.882142142857143,0.1318352548405528,2.9931771866977215,3.028978232294321,14.456211999999997,11.835161570459604
7,3,4,50.0,42.857142857142854,57.14285714285714,7.873369,AVERAGE,0.5,2,0,4,6,2,2,4,0,6,2,1,5,2,0,7,2,0,8,1,0,5,0.7857142857142857,0.8571428571428571,0.7142857142857143,0,3,5,11,BALANCED_DEFENSE,Serie_A,7,7,14,2025-12-08T19:17:33.254150,2025/2026,SP_SOLID,24.03530549507643,19,28,31,36,37,0,58,110,18,Lazio,Lazio,CONSISTENT,2.071071045473218,2.4364791875705123,7.4775765826925635,46.73185150552938,8.52345128543675,53.26814849447062,2.9700263496488333,4.531641263514757,3.9918100219219923,0,10.358885,3.187867959961295,12.943362529843203,0.32780325040221214,8.514484000000001,0.0,4.026784120127559,2.005984054878354,9.03245438169688,3.8586193434894085,0.2607407458126545,14.573509599082172,1.644863442517817,0.0,10.43933611176908,1.3480977857142857,1.4798407142857144,1.2163548571428573,1.0954018365591764,4.611073046922684,7.1003830917179585,18.873369,16.001027868129313
5,3,2,35.714285714285715,42.857142857142854,28.57142857142857,2.145803000000001,AVERAGE,0.5,1,1,6,9,4,3,6,0,11,2,0,8,2,1,8,6,2,12,1,3,16,1.3571428571428572,1.5714285714285714,1.1428571428571428,2,4,2,19,BALANCED_DEFENSE,Serie_A,7,7,14,2025-12-08T19:17:33.982522,2025/2026,SP_VULNERABLE,25.680308378499216,20,24,37,34,25,0,53,107,12,Lecce,Lecce,CONSISTENT,1.6134980106726289,1.5457697194069624,8.37552548898384,52.8100734032171,7.484186397865415,47.1899265967829,5.2162577589042485,3.559597410261631,3.9245889876037836,0,10.76193,4.020632806234062,10.173564451763644,0.25594392605125904,10.383873,0.0,5.108803026378155,0.8377193599008024,8.744437021203339,4.700838638469577,2.0494178030639887,12.88985015777871,1.7240716791711748,3.0451953411102295,16.386563600040972,1.5104145,1.5374185714285713,1.4834104285714285,1.2295936178416014,5.506170350126922,3.3305805698037148,21.145803,15.859711886849254
5,3,2,35.714285714285715,42.857142857142854,28.57142857142857,4.001685000000002,SOLID,0.7,1,1,4,6,2,5,1,0,6,1,0,6,2,4,4,2,0,8,0,2,8,0.8571428571428571,0.8571428571428571,0.8571428571428571,1,2,4,12,BALANCED_DEFENSE,Serie_A,7,7,14,2025-12-08T19:17:34.708340,2025/2026,SP_FORTRESS,14.404219755775713,13,20,28,33,19,0,66,69,13,Napoli,Napoli,CONSISTENT,1.1240764139220119,2.3594714626669884,7.439341228455305,55.460298437967246,5.974472685251385,44.539701562032754,3.955793351866305,4.650162726640701,1.3243099586106837,0,7.836106999999998,1.314637708477676,8.379991113290997,0.17207110114395618,8.165578,0.0,2.9153203601017594,4.144673312548548,6.765774288214743,1.9962514024227858,0.2190979914739728,10.685324218589813,2.081688742619008,3.0451953411102295,10.202353071421385,1.1429775000000002,1.1194438571428569,1.1665111428571429,0.823888985440135,2.310597795061767,3.7570755407214165,16.001685000000002,13.41381391370669
4,3,1,28.57142857142857,42.857142857142854,14.285714285714285,3.882861000000002,AVERAGE,0.5,2,2,6,6,2,2,4,0,7,3,0,10,3,0,8,6,0,11,4,2,9,1.2142857142857142,1.0,1.4285714285714286,1,4,4,17,BALANCED_DEFENSE,Serie_A,7,7,14,2025-12-08T19:17:35.433104,2025/2026,SP_SOLID,17.127680874079438,23,24,27,46,31,0,74,101,13,Parma Calcio 1913,Parma_Calcio_1913,CONSISTENT,2.3248895201832056,2.4558490812778473,8.32408700324595,53.803746559105,7.147116278298199,46.196253440895,3.543348401784897,3.5334889171645045,3.6136273611336946,0,10.569552,2.66689642239362,15.027205562973917,0.3306921720504761,10.313309,0.0,3.572622255422175,0,12.373414830304682,4.7742164339870214,0.7747167060151696,15.529483815655112,2.0737961875274777,2.283896505832672,14.515041045844555,1.4916329285714287,1.509936,1.4733298571428572,0.6840013097971678,3.681589904241264,4.906132992357016,20.882861000000002,15.471203281544149
4,0,4,28.57142857142857,0.0,50.0,3.9551879999999997,LEAKY,0.3,3,1,9,6,5,4,2,0,14,3,1,5,5,1,8,3,2,13,5,1,12,1.3571428571428572,2.3333333333333335,0.625,1,5,2,19,HOME_FORTRESS,Serie_A,6,8,14,2025-12-08T19:17:36.151177,2025/2026,SP_SOLID,16.7004731010076,24,29,41,38,47,0,80,125,13,Pisa,Pisa,CONSISTENT,2.1228882437571883,2.3367326352745295,8.2563347062096,48.456241578129955,8.782408781349659,51.543758421870045,3.796713827177882,4.964967013336718,3.817441768012941,0,12.34201,2.9355761911720037,12.459183068911173,0.37808801606297493,10.613178,0.0,1.872115788049996,0.0963374562561512,13.726633291691542,3.9372507268562913,3.551739417016506,18.550927354954183,2.521782915107906,0.7612988352775574,16.23453866969794,1.6396562857142858,2.057001666666667,1.32664725,0.5581862824037671,3.871850489638746,4.42775509506464,22.955188,17.03874348755926
6,3,3,42.857142857142854,42.857142857142854,42.857142857142854,8.823902,SOLID,0.7,2,0,4,1,2,1,0,0,4,2,0,4,0,2,6,0,0,6,2,0,6,0.5714285714285714,0.5714285714285714,0.5714285714285714,0,2,0,8,BALANCED_DEFENSE,Serie_A,7,7,14,2025-12-08T19:17:36.831630,2025/2026,SP_SOLID,23.279403150699704,22,24,21,27,27,0,62,73,12,Roma,Roma,CONSISTENT,3.0999093474820256,2.628728162497282,8.188242294825613,54.21330943714283,6.915506913326681,45.78669056285717,2.459604784846306,3.863363094627857,3.0521438186988235,0,9.82015,3.0073815090581775,20.5241050070458,0.27880141139030457,7.003752,0.0,4.737094595097005,1.3986227558925748,6.34641298186034,4.886557686142623,0,13.325361113063991,2.2086189640685916,0.0,10.928337324410677,1.2017072857142856,1.4028785714285714,1.000536,0.7571439854800701,4.043326905928552,4.231731730513275,16.823902,15.103749208152294
4,3,1,28.57142857142857,42.857142857142854,14.285714285714285,4.710925,AVERAGE,0.5,5,2,9,4,2,3,1,0,8,4,1,9,0,2,11,4,0,8,2,3,11,1.2142857142857142,1.1428571428571428,1.2857142857142858,1,6,3,17,BALANCED_DEFENSE,Serie_A,7,7,14,2025-12-08T19:17:37.563242,2025/2026,SP_SOLID,19.93793837039157,38,23,28,38,23,0,65,112,10,Sassuolo,Sassuolo,SLOW_STARTER,4.972621792927384,1.557344276458025,10.325722455047071,57.57456846346645,7.608797473832965,42.425431536533544,3.7957563856616616,3.957996202632785,3.65080127120018,0,11.419649,3.1362587502226233,27.72653972699849,0.4321390073746443,10.291276,0.0,1.056350407190621,2.012765359133482,9.580394640564919,8.941216449253261,1.2980505526065826,16.041330569423735,2.2111267438158393,2.283896505832672,14.846984493546188,1.5507803571428571,1.6313784285714286,1.4701822857142857,0.9951525758951902,4.563550333492458,4.830666171386838,21.710925,17.934519928880036
5,3,2,38.46153846153847,42.857142857142854,33.33333333333333,-1.400853999999999,LEAKY,0.3,2,6,14,7,6,2,5,0,12,4,0,11,2,0,10,5,6,16,2,3,16,1.7692307692307692,1.7142857142857142,1.8333333333333333,0,4,5,23,AWAY_VULNERABLE,Serie_A,7,6,13,2025-12-08T19:17:38.280601,2025/2026,SP_SOLID,20.906634390951968,17,30,40,33,35,0,70,102,17,Torino,Torino,FIRST_HALF_WEAK,2.3360516307875514,5.142421909607947,12.060302844271064,63.72568426060226,6.865037831477821,36.27431573939774,4.5818293038755655,1.8980496507138014,4.9669881807640195,0,9.752236,1.7121630581095815,12.343511648279023,0.4785230588167906,11.84691,0.0,2.740122147835791,0,11.640357601456344,3.607237088494003,3.874404162168503,15.00759078655392,2.3459774358198047,2.283896505832672,13.608985349535942,1.6614727692307694,1.3931765714285713,1.9744849999999998,2.3799475906416774,4.570633707568049,5.907158214598894,21.599146,18.925340675748885
3,2,1,23.076923076923077,28.57142857142857,16.666666666666664,-0.592725999999999,AVERAGE,0.5,4,2,9,7,3,5,2,0,10,3,1,10,1,2,9,6,2,12,2,3,12,1.5384615384615385,1.4285714285714286,1.6666666666666667,1,5,6,20,HOME_FORTRESS,Serie_A,7,6,13,2025-12-08T19:17:39.002256,2025/2026,SP_SOLID,15.857310008128882,15,26,29,30,25,0,60,91,12,Udinese,Udinese,FIRST_HALF_WEAK,2.8390847481787205,3.211443013511598,9.564248457085341,64.49094944038548,5.266124703921378,35.50905055961452,3.5137206953950226,2.2789839431643486,2.987140760757029,0,12.58985,2.0307384468615055,19.143717540725707,0.24551984667778015,6.817424,0.0,2.7602430237457156,0.7253408157266676,8.289591281674802,4.341287282295525,3.3974338211119175,13.374321864452213,1.7360142278485,3.0451953411102295,13.213370000943542,1.4928672307692308,1.79855,1.1362373333333333,0.8181207254528999,3.0943790189921856,4.564511995762587,19.407274,14.830373161006719
3,2,1,21.428571428571427,28.57142857142857,14.285714285714285,-2.747162000000003,AVERAGE,0.5,5,2,9,4,2,1,3,0,12,2,0,9,2,2,12,3,2,13,2,1,14,1.5,1.7142857142857142,1.2857142857142858,5,7,4,21,HOME_FORTRESS,Serie_A,7,7,14,2025-12-08T19:17:39.705228,2025/2026,SP_VULNERABLE,28.31442645489593,36,23,19,24,37,0,74,91,11,Verona,Verona,SLOW_STARTER,3.1584589909762144,2.1768965469673276,6.996168341487646,50.00871231597608,6.993730653077364,49.99128768402392,1.660812803544104,2.5644988156855106,4.429231837391853,0,10.841263999999999,1.530108074657619,22.576710469484134,0.5895249880850315,7.411574,0.0,0.839369174093008,1.2487059077247977,11.218678057193756,3.050791093148291,3.5425671488046646,12.74291130900383,2.524892758578062,1.5225976705551147,12.795156423002481,1.3037741428571425,1.548752,1.0587962857142856,3.5149693386629224,5.634602401405573,3.580062199383974,18.252837999999997,13.98989899456501
5,2,3,33.33333333333333,25.0,42.857142857142854,10.364201999999995,LEAKY,0.3,1,2,6,11,3,5,6,0,11,3,0,6,1,0,10,3,3,13,1,1,10,1.1333333333333333,1.375,0.8571428571428571,0,3,6,17,HOME_FORTRESS,Ligue_1,8,7,15,2025-12-08T19:17:40.995111,2025/2026,SP_SOLID,23.63877805104206,32,34,34,44,43,0,85,131,15,Angers,Angers,CONSISTENT,2.920578356832266,5.769735338166356,12.01825781725347,52.39425638605996,10.919862973503768,47.60574361394005,3.3279441222548485,5.499483406543732,5.420379566960037,0,17.36678,4.8137279991060495,12.732422082322861,0.7763970736414194,9.997422,0.0,5.4128160905092955,0.6594844637438655,11.456485038623214,7.9649564968422055,2.2250151559710503,18.126001263968647,2.882888446561992,3.0403804779052734,18.999913000501692,1.824280133333333,2.1708475,1.428203142857143,0.9622504310682416,6.5523755038157105,5.835955798625946,27.364201999999995,22.93812079075724
3,0,3,20.0,0.0,37.5,2.4969080000000012,AVERAGE,0.5,3,3,10,8,4,6,2,0,14,4,1,7,1,1,14,4,1,15,1,1,14,1.4,2.0,0.875,0,5,4,21,HOME_FORTRESS,Ligue_1,7,8,15,2025-12-08T19:17:41.724660,2025/2026,SP_SOLID,18.19076621980258,25,28,23,31,25,0,53,107,15,Auxerre,Auxerre,FIRST_HALF_WEAK,2.88619879912585,5.499765148386359,12.496122128330171,59.060036688585626,8.66221577487886,40.93996331141438,4.110158180817962,4.245087115094066,4.417128659784794,0,14.201920999999999,4.1430071126669645,13.640952386378647,0.20768754929304123,9.294986999999999,0.0,2.204386911354959,0.051506832242012024,15.947556368075311,5.122176108881831,2.362519701011479,19.495085111819208,1.7929769856855273,1.5201902389526367,16.83786757849157,1.5664605333333335,2.028845857142857,1.1618733749999999,0.32217590883374214,4.672870570793748,5.057301357388496,23.496908,21.15833790320903
4,1,3,26.666666666666668,14.285714285714285,37.5,-0.34477899999999906,AVERAGE,0.5,5,4,12,6,3,3,3,0,13,3,1,11,5,1,10,6,2,17,1,2,17,1.6,1.8571428571428572,1.375,1,5,5,24,BALANCED_DEFENSE,Ligue_1,7,8,15,2025-12-08T19:17:42.381259,2025/2026,SP_SOLID,21.12378517677201,29,22,30,22,40,0,57,117,13,Brest,Brest,FIRST_HALF_WEAK,2.782061938662082,2.96834209933877,10.61727541917935,58.164601127400736,7.636568350717425,41.83539887259926,4.866871381178498,2.3038958124816418,5.332672538235784,0,12.62721,3.5859838891774416,15.240964991987626,0.37943854182958603,11.028011,0.0,5.470403764862567,2.07672037743032,8.205749490763992,6.0767124984413385,3.0353802610188723,18.092354068532586,1.7685706736519933,1.5201902389526367,16.412445730529726,1.5770147333333333,1.8038871428571428,1.378501375,1.2869996540248394,5.252422085031867,5.683949988335371,23.655221,18.253843769896775
5,3,2,33.33333333333333,42.857142857142854,25.0,0.49217399999999856,AVERAGE,0.5,3,3,9,7,3,2,5,0,13,2,0,8,2,0,9,6,4,16,0,3,13,1.4,1.8571428571428572,1.0,0,2,7,21,HOME_FORTRESS,Ligue_1,7,8,15,2025-12-08T19:17:43.115876,2025/2026,SP_FORTRESS,12.292611016322867,18,28,27,30,25,0,54,107,14,Le Havre,Le_Havre,CONSISTENT,2.2106447219848633,3.1414175489917397,9.291695018298924,56.80432937218547,7.065676190890372,43.195670627814536,3.939632747322321,3.141408116556704,3.9242680743336678,0,13.676002,2.0568178202956915,13.514669892329401,0.15511513501405716,7.816172,0.0,1.973092483356595,0,11.829267472028732,5.899558397941291,3.0393043626099825,17.665447308681905,1.690053309313953,2.280285358428955,14.652796521782875,1.4328116,1.9537145714285715,0.9770215,0.5835570935159922,2.795490048825741,5.398372884839773,21.492174,16.357371209189296
4,1,3,26.666666666666668,12.5,42.857142857142854,8.972206,AVERAGE,0.5,1,3,7,4,3,3,1,0,9,2,0,4,4,2,5,2,0,8,3,2,6,0.8666666666666667,1.125,0.5714285714285714,1,3,4,13,HOME_FORTRESS,Ligue_1,8,7,15,2025-12-08T19:17:43.851232,2025/2026,SP_SOLID,18.255037359482106,32,24,31,46,23,0,67,113,15,Lens,Lens,FIRST_HALF_WEAK,2.97115012165159,3.2715248074382544,11.455808444879949,60.12611737152847,7.597157130949199,39.87388262847153,5.213133515790105,4.50720458664,3.089952544309199,0,13.761519999999999,2.108115547336638,15.594160971039761,0.39059440791606903,8.210685999999999,0.0,6.770366438664496,3.6534685036167502,10.700727821327746,2.0876150354743004,0.5246264915913343,15.60316620208323,2.0415858197957277,3.800475597381592,16.20208405610174,1.4648137333333333,1.7201899999999999,1.1729551428571428,1.834452535957098,4.333162491209805,5.49313441477716,21.972206,19.05296557582915
5,2,3,33.33333333333333,28.57142857142857,37.5,2.3584309999999995,SOLID,0.7,2,2,7,7,3,3,4,0,11,1,1,6,2,4,7,3,1,13,1,1,11,1.1333333333333333,1.5714285714285714,0.75,1,3,5,17,BALANCED_DEFENSE,Ligue_1,7,8,15,2025-12-08T19:17:44.574330,2025/2026,SP_SOLID,18.985748675042686,13,23,18,34,24,0,52,74,13,Lille,Lille,CONSISTENT,2.8174921479076147,2.7477449579164386,8.080703936517239,46.442402332841816,9.318705935962498,53.557597667158184,2.5154668306931853,2.990508637391031,6.328197298571467,0,10.626464,1.278852234594524,16.19303280143989,0.4197760708630085,8.731967000000001,0.0,3.0341976890340447,4.34109952300787,8.039846539497375,3.3972749281674623,1.860747566446662,15.228020620532334,2.2008484760299325,1.5201902389526367,12.69363434612751,1.2905620666666666,1.5180662857142857,1.0914958750000001,2.2263270812109113,3.9249553866684437,5.778683423995972,19.358431,17.399409872479737
2,0,2,13.333333333333334,0.0,25.0,-3.6876158000000068,LEAKY,0.3,4,3,11,6,4,5,1,0,14,6,0,14,4,1,10,6,7,18,4,4,16,1.8666666666666667,2.0,1.75,0,6,6,28,HOME_FORTRESS,Ligue_1,7,8,15,2025-12-08T19:17:45.298930,2025/2026,SP_SOLID,22.896945175100207,21,17,22,33,18,0,44,85,15,Lorient,Lorient,SLOW_STARTER,5.47505513811484,2.415508484467864,10.714311242569238,51.90256194899219,9.928814723156393,48.097438051007806,2.823747619986534,5.710421019233763,4.218393703922629,0,13.831154999999999,5.381485469639301,26.52241306479082,0.05015399307012558,10.4812292,0.0,4.056050246581435,1.5727270394563675,10.588558284100145,5.213142724707723,5.491382046602666,16.197006022091955,1.1333023444749415,4.56057071685791,17.642263067886233,1.620825613333333,1.9758792857142855,1.31015365,0.7326441397890449,6.164283602498472,6.146294929087162,24.312384199999993,20.64312596572563
8,4,4,53.333333333333336,50.0,57.14285714285714,3.445510999999996,SOLID,0.7,1,2,6,2,3,1,1,0,10,4,0,6,3,2,9,2,0,12,2,0,9,1.0666666666666667,1.25,0.8571428571428571,0,4,4,16,HOME_FORTRESS,Ligue_1,8,7,15,2025-12-08T19:17:46.029692,2025/2026,SP_SOLID,20.583437098686986,23,27,20,27,33,0,58,95,19,Lyon,Lyon,FIRST_HALF_WEAK,2.4242569133639336,3.7664245972409844,10.05520121473819,67.61901532351487,4.81517388112843,32.38098467648513,3.864519704133272,1.279912058264017,3.5352618228644133,0,13.119388,3.2262035477906466,16.30259423676395,0.15092778205871582,6.326122999999999,0.0,5.365262975916266,0.6479721181094646,13.102349523454905,1.4635046664625406,0.08724109083414078,15.652394142001867,1.604540342465043,0.7600951194763184,12.271463533863425,1.2963673999999998,1.6399235,0.903731857142857,0.876709783449769,4.253841113299131,5.790326498448849,19.445510999999996,14.87037509586662
5,2,3,33.33333333333333,25.0,42.857142857142854,0.9272979999999968,SOLID,0.7,2,4,6,4,0,3,1,0,7,2,0,8,4,3,8,0,0,12,1,1,12,1.0,0.875,1.1428571428571428,0,2,0,15,HOME_FORTRESS,Ligue_1,8,7,15,2025-12-08T19:17:46.762853,2025/2026,SP_FORTRESS,13.458343477224183,15,20,19,24,24,0,46,78,9,Marseille,Marseille,SLOW_STARTER,3.1383057413622737,2.2980748573318124,6.283816848881543,47.32730070658287,6.993544748052955,52.67269929341714,0.8474362501874566,3.702319744043052,3.2912250040099025,0,10.626162,1.9779788814485073,23.636516324800944,0.24725311249494553,5.3011360000000005,0.0,4.553463365882635,1.8188620149157941,9.34224513405934,2.6156384088099003,0,15.103171327151358,1.292809589765966,0.7600951194763184,10.773338642902672,1.0618198666666665,1.32827025,0.7573051428571429,0.24171048309653997,2.466942477039993,4.264060690999031,15.927297999999997,13.277361596934497
3,1,2,20.0,12.5,28.57142857142857,-2.7116950000000024,SIEVE,0.1,3,5,13,9,5,5,4,0,27,2,0,7,3,0,15,7,9,24,4,5,25,2.2666666666666666,3.375,1.0,3,5,4,34,HOME_FORTRESS,Ligue_1,8,7,15,2025-12-08T19:17:47.502083,2025/2026,SP_SOLID,16.94603855325261,33,33,29,48,36,0,77,127,19,Metz,Metz,CONSISTENT,4.787073701620102,3.5023330552503467,13.268647529184818,57.93301727281725,9.634781558066607,42.06698272718275,4.97924077231437,4.7917361268773675,4.843045431189239,0,22.49955,3.5212586503475904,20.901122200451187,0.3439240977168083,8.788755,0.0,3.8244692776352167,0.12760562356561422,14.775452714413404,7.056255172006786,6.617395899258554,22.349891738034785,2.890083931386471,4.56057071685791,22.207450761459768,2.085887,2.81244375,1.2555364285714286,1.6255334839224815,5.49071623198688,6.303643994033337,31.288304999999998,22.903429087251425
2,0,2,13.333333333333334,0.0,25.0,-0.9538050000000027,LEAKY,0.3,1,5,9,12,3,5,7,0,14,3,0,12,6,3,9,4,4,18,1,4,20,1.7333333333333334,2.0,1.5,1,4,4,26,BALANCED_DEFENSE,Ligue_1,7,8,15,2025-12-08T19:17:48.243217,2025/2026,SP_SOLID,21.032803701512485,16,35,30,40,28,0,73,118,13,Monaco,Monaco,CONSISTENT,0.9073666539043188,5.258501428179443,10.033344769850373,51.0254353725867,9.630073477514088,48.9745646274133,3.8674766877666116,4.044444622471929,5.58562885504216,0,13.320639,4.488829438574612,4.614490941959878,0.3038213886320591,11.725556000000001,0.0,6.850181493908167,0.9917813669890165,10.297700610943139,4.305945066735148,4.0857120007276535,17.150564373470843,2.3238165453076363,3.800475597381592,19.35673662368208,1.669746333333333,1.9029484285714287,1.4656945000000001,0.7876297412440181,5.580280568450689,3.850767370313406,25.046194999999997,19.66341824736446
2,1,1,13.333333333333334,14.285714285714285,12.5,3.467133999999998,LEAKY,0.3,3,1,8,8,4,4,4,0,9,2,0,15,4,0,13,6,1,20,3,2,17,1.6,1.2857142857142858,1.875,0,2,3,24,BALANCED_DEFENSE,Ligue_1,7,8,15,2025-12-08T19:17:49.030612,2025/2026,SP_SOLID,16.667741763134956,40,41,37,33,45,0,70,155,21,Nantes,Nantes,FIRST_HALF_WEAK,4.0105549385771155,4.120773300528526,13.248902624472976,61.45937904380831,8.308267055079341,38.54062095619169,5.117574385367334,2.464833799749613,5.843433255329728,0,11.71896,4.0449985563755035,18.604274114803015,0.0,15.748174,0.0,4.001949935220182,0,14.251996309496462,8.83713680692017,1.8984305541962385,22.63742610067129,2.348839989863336,1.5201902389526367,18.07075031194836,1.8311422666666666,1.6741371428571428,1.96852175,0.786898709833622,4.8318972662091255,7.5699233040213585,27.467133999999998,21.557169679552317
2,0,2,13.333333333333334,0.0,25.0,0.6104940000000028,LEAKY,0.3,4,3,9,12,2,8,4,0,16,5,0,11,6,3,9,5,4,17,3,4,16,1.8,2.2857142857142856,1.375,1,6,8,27,BALANCED_DEFENSE,Ligue_1,7,8,15,2025-12-08T19:17:49.760994,2025/2026,SP_SOLID,17.675808762866623,31,31,28,57,37,0,98,117,22,Nice,Nice,CONSISTENT,4.026895662769675,3.107763482257724,9.3627402279526,42.861145183167686,12.481613645330071,57.13885481683232,2.2280810829252005,8.045095297507942,4.43651834782213,0,14.538030000000001,3.8463009567931294,18.434491979618034,0.0,13.072464,0.0,7.704666440375149,3.241255946457386,9.45940054487437,3.28014793433249,4.163363477215171,19.125852044671774,2.938818085938692,3.800475597381592,16.943012015894055,1.8406996000000002,2.0768614285714286,1.634058,1.076205744408071,4.9225067012012005,7.967004241421819,27.610494000000003,21.84435387328267
3,2,1,20.0,25.0,14.285714285714285,0.6126460000000051,LEAKY,0.3,3,5,12,6,4,4,2,0,14,6,0,12,3,1,13,7,2,14,3,4,18,1.7333333333333334,1.75,1.7142857142857142,2,8,5,26,HOME_FORTRESS,Ligue_1,8,7,15,2025-12-08T19:17:50.452078,2025/2026,SP_VULNERABLE,26.41307367569571,30,18,33,30,21,0,58,99,17,Paris FC,Paris_FC,FIRST_HALF_WEAK,3.888416636735201,2.6287218891084194,11.672878307290375,62.031792461636655,7.144695462659001,37.96820753836334,5.155739781446755,4.2205884121358395,2.924107050523162,0,17.013157000000003,4.4131198534742,20.663751258649437,0.5523137301206589,9.599488999999998,0.0,3.952271394431591,2.167550329118967,11.201025139540434,8.778489206917584,1.0132796168327332,14.630674693733454,2.1520257340744138,5.3206658363342285,18.606268018484116,1.7741764000000004,2.1266446250000004,1.3713555714285712,2.195841573178768,7.161275156773627,6.35432193428278,26.612646000000005,18.817573769949377
8,2,6,53.333333333333336,25.0,85.71428571428571,2.194593999999995,FORTRESS,0.9,1,2,5,4,2,3,1,0,9,2,0,3,5,3,3,1,0,10,3,0,7,0.8,1.125,0.42857142857142855,0,2,2,12,BALANCED_DEFENSE,Ligue_1,8,7,15,2025-12-08T19:17:51.176768,2025/2026,SP_SOLID,21.26026103506616,16,17,30,25,13,0,49,73,8,Paris Saint Germain,Paris_Saint_Germain,SLOW_STARTER+FIRST_HALF_WEAK,2.6860437290742993,2.160750048235059,7.500299166887999,68.21034303831539,3.4955393420532346,31.789656961684614,2.6535053895786405,2.742090062238276,0.7534492798149586,0,8.315399,1.9309233762323856,24.42782082412497,0.09332321956753731,5.879195,0.0,2.842384411022067,4.763362159952521,5.2447901694104075,1.6518001221120358,0.04552973061800003,9.934761941432953,1.3648255513980985,1.5201902389526367,10.455495176836848,0.9463062666666663,1.039424875,0.839885,1.0686678169295192,3.092914412729442,2.727545864880085,14.194593999999995,10.995838508941233
4,2,2,26.666666666666668,25.0,28.57142857142857,5.74023,LEAKY,0.3,2,1,7,9,4,4,5,0,16,1,0,7,5,5,5,3,5,18,3,3,17,1.5333333333333334,2.0,1.0,1,2,3,23,BALANCED_DEFENSE,Ligue_1,8,7,15,2025-12-08T19:17:51.887570,2025/2026,SP_SOLID,16.34354256354476,19,23,44,45,43,0,76,132,13,Rennes,Rennes,CONSISTENT,2.531724575906992,2.4943267796188593,11.273194923065603,48.39541552396637,12.020736539270729,51.60458447603363,6.2471435675397515,4.551328555680811,7.469407983589917,0,17.15981,3.2493414347991347,10.868601463864122,0.18960945680737495,11.58042,0.0,7.718405084684491,4.094586337450892,10.949207839556038,2.191367147490382,3.994905423372984,21.176885539200157,3.199142740573734,3.0403804779052734,20.38744455203414,1.9160153333333334,2.14497625,1.6543457142857143,1.2922549238428473,4.731205815449357,5.361884539946914,28.74023,23.29393146233633
6,1,5,40.0,12.5,71.42857142857143,-0.20166599999999946,AVERAGE,0.5,3,2,6,6,1,5,1,0,16,1,0,4,4,3,9,2,2,16,1,2,14,1.3333333333333333,2.0,0.5714285714285714,1,2,4,20,HOME_FORTRESS,Ligue_1,8,7,15,2025-12-08T19:17:52.616207,2025/2026,SP_FORTRESS,12.74231718419312,28,18,30,26,17,0,51,92,9,Strasbourg,Strasbourg,SLOW_STARTER+FIRST_HALF_WEAK,4.14694669097662,2.3290791045874357,10.292908860370517,60.491498079124625,6.722554778680205,39.508501920875375,3.8168830648064613,5.3530476512387395,1.3695071274414659,0,14.377543,1.8228753078728914,24.371634995941694,0.1499072127044201,5.4207909999999995,0.0,5.614720532670617,1.7853736653923988,9.426660758443177,2.263329786248505,1.8909288384020329,16.02726092375815,1.5483743380755186,2.280285358428955,15.683324472978711,1.3198889333333335,1.797192875,0.7743987142857142,0.7006847783923149,2.6734672989696264,2.749314770102501,19.798334,17.015463639050722
5,1,4,33.33333333333333,14.285714285714285,50.0,0.8980652000000013,AVERAGE,0.5,5,2,8,8,1,6,2,0,8,3,0,11,2,0,11,2,4,11,1,4,13,1.2666666666666666,1.1428571428571428,1.375,1,4,5,19,HOME_FORTRESS,Ligue_1,7,8,15,2025-12-08T19:17:53.334783,2025/2026,SP_SOLID,16.68529993380569,29,22,17,39,21,0,64,90,15,Toulouse,Toulouse,CONSISTENT,3.197019132785499,2.1252115722745657,7.869197146967053,49.57427700261305,8.004351844079792,50.42572299738695,2.5469664419069886,5.703069259412587,2.301282584667206,0,11.952563,2.7654691468924284,20.140544087454625,0.14220089837908745,7.9455022,0.0,2.7627173364162445,0.5507477968931198,10.487791993655264,4.829634909518063,1.9511117562651634,14.107454249635339,1.9869693126529455,3.0403804779052734,13.95435698889196,1.3265376800000002,1.707509,0.993187775,0.5264990199357271,3.434169065207243,4.6406774912029505,19.8980652,15.873548991046846
